SAMPLE,HGVS,gene/locus,gene/locus description,variant_heteroplasmy,alt_depth,ref_depth,total_sample_depth,variant_quality,total_locus_depth,COHORT_COUNT,tier,commercial_panels,phylotree_haplotype,MitoTip_score,MitoTip_percentile,MitoTip_interpretation,anticodon,allele_frequency_mitomap,disease_mitomap,MGRB_frequency,MGRB_FILTER,MGRB_AC,MGRB_AN,phylotree_mut,locus_mitomap,num_references_mitomap,variant_amino_acid_change_mitomap,codon_position_mitomap,codon_number_mitomap,num_disease_references_mitomap,RNA_mitomap,homoplasmy_mitomap,heteroplasmy_mitomap,status_mitomap,disease_amino_acid_change_mitomap,GenBank_frequency_mitomap,CHR,POS,REF,ALT,QUAL,FILTER,MQM_INFO,MQMR_INFO,QA_INFO,QR_INFO,SAF_INFO,SAR_INFO,SRF_INFO,SRR_INFO,SBR_INFO,SBA_INFO,POS_FILTER,SBR_FILTER,SBA_FILTER,MQMR_FILTER,AQR_FILTER,GT_FORMAT,QR_FORMAT,AQR_FORMAT,QA_FORMAT,AQA_FORMAT,INFO,FORMAT
1760_CH4043,m.239T>C,MT-HV2,Hypervariable segment 2 [classic:73-340 ];H-strand origins;mtTF1 binding site;7S DNA,0.9986,3492,5,3497,3220.0,8989,3,1,.,"D4b1c,H6,I3,M36",.,.,.,.,0.013,.,0.0239015817223199,.,136.0,5690.0,T239C,MT-HV2.MT-OHR.MT-TFX,34.34.34,.,.,.,.,.,.,.,.,.,421,MT,239,T,C,3220.0,PASS,59.9793,59.9822,201130.0,76542.0,2977.0,3595.0,1145.0,1272.0,0.474,0.453,PASS,PASS,PASS,PASS,PASS,0/1,159,31.8,106596,30.526,DP=8989;MQM=59.9793;MQMR=59.9822;QA=201130;QR=76542;SAF=2977;SAR=3595;SRF=1145;SRR=1272;SBR=0.474;SBA=0.453;AC_hom=810;AC_het=3;AF_hom=0.014355;AF_het=5.3167e-05;max_hl=1,0/1:3497:5_3492:5:159:31.8:3492:106596:30.526:0.9986:3220.0
1760_CH1388,m.239T>C,MT-HV2,Hypervariable segment 2 [classic:73-340 ];H-strand origins;mtTF1 binding site;7S DNA,0.9974,3075,8,3083,3220.0,8989,3,1,.,"D4b1c,H6,I3,M36",.,.,.,.,0.013,.,0.0239015817223199,.,136.0,5690.0,T239C,MT-HV2.MT-OHR.MT-TFX,34.34.34,.,.,.,.,.,.,.,.,.,421,MT,239,T,C,3220.0,PASS,59.9793,59.9822,201130.0,76542.0,2977.0,3595.0,1145.0,1272.0,0.474,0.453,PASS,PASS,PASS,PASS,PASS,0/1,257,32.125,94381,30.693,DP=8989;MQM=59.9793;MQMR=59.9822;QA=201130;QR=76542;SAF=2977;SAR=3595;SRF=1145;SRR=1272;SBR=0.474;SBA=0.453;AC_hom=810;AC_het=3;AF_hom=0.014355;AF_het=5.3167e-05;max_hl=1,0/1:3083:8_3075:8:257:32.125:3075:94381:30.693:0.9974:3220.0
1760_CH1389,m.239T>C,MT-HV2,Hypervariable segment 2 [classic:73-340 ];H-strand origins;mtTF1 binding site;7S DNA,0.0021,5,2404,2409,4.53,8989,3,3,.,"D4b1c,H6,I3,M36",.,.,.,.,0.013,.,0.0239015817223199,.,136.0,5690.0,T239C,MT-HV2.MT-OHR.MT-TFX,34.34.34,.,.,.,.,.,.,.,.,.,421,MT,239,T,C,3220.0,PASS,59.9793,59.9822,201130.0,76542.0,2977.0,3595.0,1145.0,1272.0,0.474,0.453,PASS,PASS,PASS,PASS,PASS,0/1,76126,31.666,153,30.6,DP=8989;MQM=59.9793;MQMR=59.9822;QA=201130;QR=76542;SAF=2977;SAR=3595;SRF=1145;SRR=1272;SBR=0.474;SBA=0.453;AC_hom=810;AC_het=3;AF_hom=0.014355;AF_het=5.3167e-05;max_hl=1,0/1:2409:2404_5:2404:76126:31.666:5:153:30.6:0.0021:4.53
1760_CH4043,m.263A>G,MT-HV2,Hypervariable segment 2 [classic:73-340 ];H-strand origins;7S DNA,0.9997,2911,1,2912,3220.0,7614,3,1,.,L0a'b'f'g,.,.,.,.,0.935,.,0.990861159929701,.,5638.0,5690.0,A263G!,MT-HV2.MT-OHR,145.145,.,.,.,.,.,.,.,.,.,29979,MT,263,A,G,3220.0,PASS,59.9842,60.0,218232.0,65.0,2772.0,4840.0,1.0,1.0,0.5,0.364,PASS,PASS,PASS,PASS,PASS,0/1,32,32.0,83324,28.624,DP=7614;MQM=59.9842;MQMR=60;QA=218232;QR=65;SAF=2772;SAR=4840;SRF=1;SRR=1;SBR=0.5;SBA=0.364;clinvar_pathogenic=not_provided;clinvar_status=no_assertion_provided;AC_hom=55895;AC_het=11;AF_hom=0.9907;AF_het=0.00019497;max_hl=1,0/1:2912:1_2911:1:32:32.0:2911:83324:28.624:0.9997:3220.0
1760_CH1388,m.263A>G,MT-HV2,Hypervariable segment 2 [classic:73-340 ];H-strand origins;7S DNA,0.9996,2818,1,2819,3220.0,7614,3,1,.,L0a'b'f'g,.,.,.,.,0.935,.,0.990861159929701,.,5638.0,5690.0,A263G!,MT-HV2.MT-OHR,145.145,.,.,.,.,.,.,.,.,.,29979,MT,263,A,G,3220.0,PASS,59.9842,60.0,218232.0,65.0,2772.0,4840.0,1.0,1.0,0.5,0.364,PASS,PASS,PASS,PASS,PASS,0/1,33,33.0,80338,28.509,DP=7614;MQM=59.9842;MQMR=60;QA=218232;QR=65;SAF=2772;SAR=4840;SRF=1;SRR=1;SBR=0.5;SBA=0.364;clinvar_pathogenic=not_provided;clinvar_status=no_assertion_provided;AC_hom=55895;AC_het=11;AF_hom=0.9907;AF_het=0.00019497;max_hl=1,0/1:2819:1_2818:1:33:33.0:2818:80338:28.509:0.9996:3220.0
1760_CH1389,m.263A>G,MT-HV2,Hypervariable segment 2 [classic:73-340 ];H-strand origins;7S DNA,1.0,1883,0,1883,3220.0,7614,3,1,.,L0a'b'f'g,.,.,.,.,0.935,.,0.990861159929701,.,5638.0,5690.0,A263G!,MT-HV2.MT-OHR,145.145,.,.,.,.,.,.,.,.,.,29979,MT,263,A,G,3220.0,PASS,59.9842,60.0,218232.0,65.0,2772.0,4840.0,1.0,1.0,0.5,0.364,PASS,PASS,PASS,PASS,PASS,1/1,0,0,54570,28.98,DP=7614;MQM=59.9842;MQMR=60;QA=218232;QR=65;SAF=2772;SAR=4840;SRF=1;SRR=1;SBR=0.5;SBA=0.364;clinvar_pathogenic=not_provided;clinvar_status=no_assertion_provided;AC_hom=55895;AC_het=11;AF_hom=0.9907;AF_het=0.00019497;max_hl=1,1/1:1883:0_1883:0:0:0:1883:54570:28.98:1.0:3220.0
1760_CH4043,m.310_320ins,MT-HV2,Hypervariable segment 2 [classic:73-340 ];H-strand origins;Conserved sequence block 2;7S DNA,1.0,1421,0,1421,3220.0,2689,3,1,.,.,.,.,.,.,.,.,.,.,.,.,.,.,.,.,.,.,.,.,.,.,.,.,.,MT,309,CTCCCCCGCT,CCTCCCCCCGCT,3220.0,SBA;POS,59.9929,0.0,84198.0,0.0,0.0,2689.0,0.0,0.0,0.0,0.0,FAIL,PASS,FAIL,PASS,PASS,1/1,0,0,44350,31.21,DP=2689;MQM=59.9929;MQMR=0;QA=84198;QR=0;SAF=0;SAR=2689;SRF=0;SRR=0;TYPE=complex;SBR=0;SBA=0.0,1/1:1421:0_1421:0:0:0:1421:44350:31.21:1.0:3220.0
1760_CH1388,m.310_320ins,MT-HV2,Hypervariable segment 2 [classic:73-340 ];H-strand origins;Conserved sequence block 2;7S DNA,1.0,1208,0,1208,3220.0,2689,3,1,.,.,.,.,.,.,.,.,.,.,.,.,.,.,.,.,.,.,.,.,.,.,.,.,.,MT,309,CTCCCCCGCT,CCTCCCCCCGCT,3220.0,SBA;POS,59.9929,0.0,84198.0,0.0,0.0,2689.0,0.0,0.0,0.0,0.0,FAIL,PASS,FAIL,PASS,PASS,1/1,0,0,37966,31.429,DP=2689;MQM=59.9929;MQMR=0;QA=84198;QR=0;SAF=0;SAR=2689;SRF=0;SRR=0;TYPE=complex;SBR=0;SBA=0.0,1/1:1208:0_1208:0:0:0:1208:37966:31.429:1.0:3220.0
1760_CH1389,m.310_320ins,MT-HV2,Hypervariable segment 2 [classic:73-340 ];H-strand origins;Conserved sequence block 2;7S DNA,1.0,60,0,60,1646.37,2689,3,1,.,.,.,.,.,.,.,.,.,.,.,.,.,.,.,.,.,.,.,.,.,.,.,.,.,MT,309,CTCCCCCGCT,CCTCCCCCCGCT,3220.0,SBA;POS,59.9929,0.0,84198.0,0.0,0.0,2689.0,0.0,0.0,0.0,0.0,FAIL,PASS,FAIL,PASS,PASS,1/1,0,0,1882,31.367,DP=2689;MQM=59.9929;MQMR=0;QA=84198;QR=0;SAF=0;SAR=2689;SRF=0;SRR=0;TYPE=complex;SBR=0;SBA=0.0,1/1:60:0_60:0:0:0:60:1882:31.367:1.0:1646.37
1760_CH4043,m.310_322ins,MT-HV2,Hypervariable segment 2 [classic:73-340 ];H-strand origins;Conserved sequence block 2;7S DNA,1.0,26,0,26,728.72,238,3,1,.,.,.,.,.,.,.,.,.,.,.,.,.,.,.,.,.,.,.,.,.,.,.,.,.,MT,309,CTCCCCCGCT,CCCCTCCCCCCGCT,3220.0,SBA;POS,60.0,0.0,7402.0,0.0,0.0,238.0,0.0,0.0,0.0,0.0,FAIL,PASS,FAIL,PASS,PASS,1/1,0,0,803,30.885,DP=238;MQM=60;MQMR=0;QA=7402;QR=0;SAF=0;SAR=238;SRF=0;SRR=0;TYPE=complex;SBR=0;SBA=0.0,1/1:26:0_26:0:0:0:26:803:30.885:1.0:728.72
1760_CH1388,m.310_322ins,MT-HV2,Hypervariable segment 2 [classic:73-340 ];H-strand origins;Conserved sequence block 2;7S DNA,1.0,40,0,40,1106.58,238,3,1,.,.,.,.,.,.,.,.,.,.,.,.,.,.,.,.,.,.,.,.,.,.,.,.,.,MT,309,CTCCCCCGCT,CCCCTCCCCCCGCT,3220.0,SBA;POS,60.0,0.0,7402.0,0.0,0.0,238.0,0.0,0.0,0.0,0.0,FAIL,PASS,FAIL,PASS,PASS,1/1,0,0,1243,31.075,DP=238;MQM=60;MQMR=0;QA=7402;QR=0;SAF=0;SAR=238;SRF=0;SRR=0;TYPE=complex;SBR=0;SBA=0.0,1/1:40:0_40:0:0:0:40:1243:31.075:1.0:1106.58
1760_CH1389,m.310_322ins,MT-HV2,Hypervariable segment 2 [classic:73-340 ];H-strand origins;Conserved sequence block 2;7S DNA,1.0,172,0,172,3220.0,238,3,1,.,.,.,.,.,.,.,.,.,.,.,.,.,.,.,.,.,.,.,.,.,.,.,.,.,MT,309,CTCCCCCGCT,CCCCTCCCCCCGCT,3220.0,SBA;POS,60.0,0.0,7402.0,0.0,0.0,238.0,0.0,0.0,0.0,0.0,FAIL,PASS,FAIL,PASS,PASS,1/1,0,0,5356,31.14,DP=238;MQM=60;MQMR=0;QA=7402;QR=0;SAF=0;SAR=238;SRF=0;SRR=0;TYPE=complex;SBR=0;SBA=0.0,1/1:172:0_172:0:0:0:172:5356:31.14:1.0:3220.0
1760_CH4043,m.310_321ins,MT-HV2,Hypervariable segment 2 [classic:73-340 ];H-strand origins;Conserved sequence block 2;7S DNA,1.0,208,0,208,3220.0,1360,3,1,.,.,.,.,.,.,.,.,.,.,.,.,.,.,.,.,.,.,.,.,.,.,.,.,.,MT,309,CTCCCCCGCT,CCCTCCCCCCGCT,3220.0,SBA;POS,59.9809,0.0,42505.0,0.0,0.0,1360.0,0.0,0.0,0.0,0.0,FAIL,PASS,FAIL,PASS,PASS,1/1,0,0,6537,31.428,DP=1360;MQM=59.9809;MQMR=0;QA=42505;QR=0;SAF=0;SAR=1360;SRF=0;SRR=0;TYPE=complex;SBR=0;SBA=0.0,1/1:208:0_208:0:0:0:208:6537:31.428:1.0:3220.0
1760_CH1388,m.310_321ins,MT-HV2,Hypervariable segment 2 [classic:73-340 ];H-strand origins;Conserved sequence block 2;7S DNA,1.0,287,0,287,3220.0,1360,3,1,.,.,.,.,.,.,.,.,.,.,.,.,.,.,.,.,.,.,.,.,.,.,.,.,.,MT,309,CTCCCCCGCT,CCCTCCCCCCGCT,3220.0,SBA;POS,59.9809,0.0,42505.0,0.0,0.0,1360.0,0.0,0.0,0.0,0.0,FAIL,PASS,FAIL,PASS,PASS,1/1,0,0,8959,31.216,DP=1360;MQM=59.9809;MQMR=0;QA=42505;QR=0;SAF=0;SAR=1360;SRF=0;SRR=0;TYPE=complex;SBR=0;SBA=0.0,1/1:287:0_287:0:0:0:287:8959:31.216:1.0:3220.0
1760_CH1389,m.310_321ins,MT-HV2,Hypervariable segment 2 [classic:73-340 ];H-strand origins;Conserved sequence block 2;7S DNA,1.0,865,0,865,3220.0,1360,3,1,.,.,.,.,.,.,.,.,.,.,.,.,.,.,.,.,.,.,.,.,.,.,.,.,.,MT,309,CTCCCCCGCT,CCCTCCCCCCGCT,3220.0,SBA;POS,59.9809,0.0,42505.0,0.0,0.0,1360.0,0.0,0.0,0.0,0.0,FAIL,PASS,FAIL,PASS,PASS,1/1,0,0,27009,31.224,DP=1360;MQM=59.9809;MQMR=0;QA=42505;QR=0;SAF=0;SAR=1360;SRF=0;SRR=0;TYPE=complex;SBR=0;SBA=0.0,1/1:865:0_865:0:0:0:865:27009:31.224:1.0:3220.0
1760_CH4043,m.499G>C,MT-HV3,Hypervariable segment 3;membrane attachment site;7S DNA,0.0105,21,1977,1998,95.02,5203,3,1,.,.,.,.,.,.,0.0,.,0.0003514938488576,.,2.0,5690.0,.,MT-HV3,2,.,.,.,.,.,.,.,.,.,1,MT,499,G,C,160.7,PASS,59.5435,59.9527,1208.0,151680.0,46.0,0.0,1639.0,3518.0,0.318,1.0,PASS,PASS,PASS,PASS,PASS,0/1,58624,29.653,556,26.476,DP=5203;MQM=59.5435;MQMR=59.9527;QA=1208;QR=151680;SAF=46;SAR=0;SRF=1639;SRR=3518;SBR=0.318;SBA=1.0;AC_hom=0;AC_het=0;AF_hom=0;AF_het=0;max_hl=0,0/1:1998:1977_21:1977:58624:29.653:21:556:26.476:0.0105:95.02
1760_CH1388,m.499G>C,MT-HV3,Hypervariable segment 3;membrane attachment site;7S DNA,0.01,19,1875,1894,84.06,5203,3,1,.,.,.,.,.,.,0.0,.,0.0003514938488576,.,2.0,5690.0,.,MT-HV3,2,.,.,.,.,.,.,.,.,.,1,MT,499,G,C,160.7,PASS,59.5435,59.9527,1208.0,151680.0,46.0,0.0,1639.0,3518.0,0.318,1.0,PASS,PASS,PASS,PASS,PASS,0/1,54427,29.028,498,26.211,DP=5203;MQM=59.5435;MQMR=59.9527;QA=1208;QR=151680;SAF=46;SAR=0;SRF=1639;SRR=3518;SBR=0.318;SBA=1.0;AC_hom=0;AC_het=0;AF_hom=0;AF_het=0;max_hl=0,0/1:1894:1875_19:1875:54427:29.028:19:498:26.211:0.01:84.06
1760_CH1389,m.499G>C,MT-HV3,Hypervariable segment 3;membrane attachment site;7S DNA,0.0046,6,1305,1311,17.5,5203,3,3,.,.,.,.,.,.,0.0,.,0.0003514938488576,.,2.0,5690.0,.,MT-HV3,2,.,.,.,.,.,.,.,.,.,1,MT,499,G,C,160.7,PASS,59.5435,59.9527,1208.0,151680.0,46.0,0.0,1639.0,3518.0,0.318,1.0,PASS,PASS,PASS,PASS,PASS,0/1,38629,29.601,154,25.667,DP=5203;MQM=59.5435;MQMR=59.9527;QA=1208;QR=151680;SAF=46;SAR=0;SRF=1639;SRR=3518;SBR=0.318;SBA=1.0;AC_hom=0;AC_het=0;AF_hom=0;AF_het=0;max_hl=0,0/1:1311:1305_6:1305:38629:29.601:6:154:25.667:0.0046:17.5
1760_CH4043,m.539T>A,MT-HV3,Hypervariable segment 3;mtTF1 binding site;membrane attachment site;7S DNA,0.038,93,2357,2450,839.69,6499,3,1,.,.,.,.,.,.,.,.,.,.,.,.,.,.,.,.,.,.,.,.,.,.,.,.,.,MT,539,T,A,2048.0,SBA,59.8814,59.9844,6566.0,193778.0,236.0,0.0,3002.0,3261.0,0.479,1.0,PASS,PASS,FAIL,PASS,PASS,0/1,72758,30.869,2588,27.828,DP=6499;MQM=59.8814;MQMR=59.9844;QA=6566;QR=193778;SAF=236;SAR=0;SRF=3002;SRR=3261;SBR=0.479;SBA=1.0;AC_hom=0;AC_het=0;AF_hom=0;AF_het=0;max_hl=0,0/1:2450:2357_93:2357:72758:30.869:93:2588:27.828:0.038:839.69
1760_CH1388,m.539T>A,MT-HV3,Hypervariable segment 3;mtTF1 binding site;membrane attachment site;7S DNA,0.0365,84,2218,2302,746.7,6499,3,1,.,.,.,.,.,.,.,.,.,.,.,.,.,.,.,.,.,.,.,.,.,.,.,.,.,MT,539,T,A,2048.0,SBA,59.8814,59.9844,6566.0,193778.0,236.0,0.0,3002.0,3261.0,0.479,1.0,PASS,PASS,FAIL,PASS,PASS,0/1,68676,30.963,2343,27.893,DP=6499;MQM=59.8814;MQMR=59.9844;QA=6566;QR=193778;SAF=236;SAR=0;SRF=3002;SRR=3261;SBR=0.479;SBA=1.0;AC_hom=0;AC_het=0;AF_hom=0;AF_het=0;max_hl=0,0/1:2302:2218_84:2218:68676:30.963:84:2343:27.893:0.0365:746.7
1760_CH1389,m.539T>A,MT-HV3,Hypervariable segment 3;mtTF1 binding site;membrane attachment site;7S DNA,0.0338,59,1688,1747,512.08,6499,3,1,.,.,.,.,.,.,.,.,.,.,.,.,.,.,.,.,.,.,.,.,.,.,.,.,.,MT,539,T,A,2048.0,SBA,59.8814,59.9844,6566.0,193778.0,236.0,0.0,3002.0,3261.0,0.479,1.0,PASS,PASS,FAIL,PASS,PASS,0/1,52344,31.009,1635,27.712,DP=6499;MQM=59.8814;MQMR=59.9844;QA=6566;QR=193778;SAF=236;SAR=0;SRF=3002;SRR=3261;SBR=0.479;SBA=1.0;AC_hom=0;AC_het=0;AF_hom=0;AF_het=0;max_hl=0,0/1:1747:1688_59:1688:52344:31.009:59:1635:27.712:0.0338:512.08
1760_CH4043,m.545G>C,MT-HV3,Hypervariable segment 3;mtTF1 binding site;Major H-strand promoter;membrane attachment site;7S DNA,0.0161,35,2134,2169,205.56,5719,3,1,.,.,.,.,.,.,.,.,.,.,.,.,.,.,.,.,.,.,.,.,.,.,.,.,.,MT,545,G,C,409.8,PASS,59.7901,59.9897,2166.0,163390.0,81.0,0.0,1580.0,4058.0,0.28,1.0,PASS,PASS,PASS,PASS,PASS,0/1,62056,29.08,932,26.629,DP=5719;MQM=59.7901;MQMR=59.9897;QA=2166;QR=163390;SAF=81;SAR=0;SRF=1580;SRR=4058;SBR=0.28;SBA=1.0;AC_hom=0;AC_het=0;AF_hom=0;AF_het=0;max_hl=0,0/1:2169:2134_35:2134:62056:29.08:35:932:26.629:0.0161:205.56
1760_CH1388,m.545G>C,MT-HV3,Hypervariable segment 3;mtTF1 binding site;Major H-strand promoter;membrane attachment site;7S DNA,0.016,33,2028,2061,193.84,5719,3,1,.,.,.,.,.,.,.,.,.,.,.,.,.,.,.,.,.,.,.,.,.,.,.,.,.,MT,545,G,C,409.8,PASS,59.7901,59.9897,2166.0,163390.0,81.0,0.0,1580.0,4058.0,0.28,1.0,PASS,PASS,PASS,PASS,PASS,0/1,58163,28.68,874,26.485,DP=5719;MQM=59.7901;MQMR=59.9897;QA=2166;QR=163390;SAF=81;SAR=0;SRF=1580;SRR=4058;SBR=0.28;SBA=1.0;AC_hom=0;AC_het=0;AF_hom=0;AF_het=0;max_hl=0,0/1:2061:2028_33:2028:58163:28.68:33:874:26.485:0.016:193.84
1760_CH1389,m.545G>C,MT-HV3,Hypervariable segment 3;mtTF1 binding site;Major H-strand promoter;membrane attachment site;7S DNA,0.0087,13,1476,1489,55.21,5719,3,2,.,.,.,.,.,.,.,.,.,.,.,.,.,.,.,.,.,.,.,.,.,.,.,.,.,MT,545,G,C,409.8,PASS,59.7901,59.9897,2166.0,163390.0,81.0,0.0,1580.0,4058.0,0.28,1.0,PASS,PASS,PASS,PASS,PASS,0/1,43171,29.249,360,27.692,DP=5719;MQM=59.7901;MQMR=59.9897;QA=2166;QR=163390;SAF=81;SAR=0;SRF=1580;SRR=4058;SBR=0.28;SBA=1.0;AC_hom=0;AC_het=0;AF_hom=0;AF_het=0;max_hl=0,0/1:1489:1476_13:1476:43171:29.249:13:360:27.692:0.0087:55.21
1760_CH4043,m.750A>G,MT-RNR1,Mt_rRNA,1.0,5324,0,5324,3220.0,13814,3,1,.,.,.,.,.,.,0.98,.,0.983479789103691,.,5596.0,5690.0,.,MT-RNR1,108,rRNA,-,-,.,.,.,.,.,.,31410,MT,750,A,G,3220.0,PASS,59.99,60.0,436966.0,33.0,7447.0,6366.0,0.0,1.0,0.0,0.539,PASS,PASS,PASS,PASS,PASS,1/1,0,0,169804,31.894,DP=13814;MQM=59.99;MQMR=60;QA=436966;QR=33;SAF=7447;SAR=6366;SRF=0;SRR=1;SBR=0.0;SBA=0.539;clinvar_pathogenic=not_provided;clinvar_status=no_assertion_provided;AC_hom=55419;AC_het=6;AF_hom=0.9834;AF_het=0.00010647;max_hl=1,1/1:5324:0_5324:0:0:0:5324:169804:31.894:1.0:3220.0
1760_CH1388,m.750A>G,MT-RNR1,Mt_rRNA,0.9998,4869,1,4870,3220.0,13814,3,1,.,.,.,.,.,.,0.98,.,0.983479789103691,.,5596.0,5690.0,.,MT-RNR1,108,rRNA,-,-,.,.,.,.,.,.,31410,MT,750,A,G,3220.0,PASS,59.99,60.0,436966.0,33.0,7447.0,6366.0,0.0,1.0,0.0,0.539,PASS,PASS,PASS,PASS,PASS,0/1,33,33.0,152860,31.395,DP=13814;MQM=59.99;MQMR=60;QA=436966;QR=33;SAF=7447;SAR=6366;SRF=0;SRR=1;SBR=0.0;SBA=0.539;clinvar_pathogenic=not_provided;clinvar_status=no_assertion_provided;AC_hom=55419;AC_het=6;AF_hom=0.9834;AF_het=0.00010647;max_hl=1,0/1:4870:1_4869:1:33:33.0:4869:152860:31.395:0.9998:3220.0
1760_CH1389,m.750A>G,MT-RNR1,Mt_rRNA,1.0,3620,0,3620,3220.0,13814,3,1,.,.,.,.,.,.,0.98,.,0.983479789103691,.,5596.0,5690.0,.,MT-RNR1,108,rRNA,-,-,.,.,.,.,.,.,31410,MT,750,A,G,3220.0,PASS,59.99,60.0,436966.0,33.0,7447.0,6366.0,0.0,1.0,0.0,0.539,PASS,PASS,PASS,PASS,PASS,1/1,0,0,114302,31.575,DP=13814;MQM=59.99;MQMR=60;QA=436966;QR=33;SAF=7447;SAR=6366;SRF=0;SRR=1;SBR=0.0;SBA=0.539;clinvar_pathogenic=not_provided;clinvar_status=no_assertion_provided;AC_hom=55419;AC_het=6;AF_hom=0.9834;AF_het=0.00010647;max_hl=1,1/1:3620:0_3620:0:0:0:3620:114302:31.575:1.0:3220.0
1760_CH4043,m.1438A>G,MT-RNR1,Mt_rRNA,0.9998,5681,1,5682,3220.0,14251,3,1,.,.,.,.,.,.,0.941,.,0.971880492091388,.,5530.0,5690.0,.,MT-RNR1,117,rRNA,-,-,.,.,.,.,.,.,30179,MT,1438,A,G,3220.0,PASS,59.6206,60.0,446800.0,98.0,6918.0,7330.0,2.0,1.0,0.667,0.486,PASS,PASS,PASS,PASS,PASS,0/1,32,32.0,177854,31.307,DP=14251;MQM=59.6206;MQMR=60;QA=446800;QR=98;SAF=6918;SAR=7330;SRF=2;SRR=1;SBR=0.667;SBA=0.486;clinvar_pathogenic=Benign;clinvar_status=criteria_provided__single_submitter;AC_hom=53745;AC_het=4;AF_hom=0.9561;AF_het=7.1158e-05;max_hl=1,0/1:5682:1_5681:1:32:32.0:5681:177854:31.307:0.9998:3220.0
1760_CH1388,m.1438A>G,MT-RNR1,Mt_rRNA,1.0,4876,0,4876,3220.0,14251,3,1,.,.,.,.,.,.,0.941,.,0.971880492091388,.,5530.0,5690.0,.,MT-RNR1,117,rRNA,-,-,.,.,.,.,.,.,30179,MT,1438,A,G,3220.0,PASS,59.6206,60.0,446800.0,98.0,6918.0,7330.0,2.0,1.0,0.667,0.486,PASS,PASS,PASS,PASS,PASS,1/1,0,0,152687,31.314,DP=14251;MQM=59.6206;MQMR=60;QA=446800;QR=98;SAF=6918;SAR=7330;SRF=2;SRR=1;SBR=0.667;SBA=0.486;clinvar_pathogenic=Benign;clinvar_status=criteria_provided__single_submitter;AC_hom=53745;AC_het=4;AF_hom=0.9561;AF_het=7.1158e-05;max_hl=1,1/1:4876:0_4876:0:0:0:4876:152687:31.314:1.0:3220.0
1760_CH1389,m.1438A>G,MT-RNR1,Mt_rRNA,0.9995,3691,2,3693,3220.0,14251,3,1,.,.,.,.,.,.,0.941,.,0.971880492091388,.,5530.0,5690.0,.,MT-RNR1,117,rRNA,-,-,.,.,.,.,.,.,30179,MT,1438,A,G,3220.0,PASS,59.6206,60.0,446800.0,98.0,6918.0,7330.0,2.0,1.0,0.667,0.486,PASS,PASS,PASS,PASS,PASS,0/1,66,33.0,116259,31.498,DP=14251;MQM=59.6206;MQMR=60;QA=446800;QR=98;SAF=6918;SAR=7330;SRF=2;SRR=1;SBR=0.667;SBA=0.486;clinvar_pathogenic=Benign;clinvar_status=criteria_provided__single_submitter;AC_hom=53745;AC_het=4;AF_hom=0.9561;AF_het=7.1158e-05;max_hl=1,0/1:3693:2_3691:2:66:33.0:3691:116259:31.498:0.9995:3220.0
1760_CH4043,m.3107N>C,MT-RNR2,Mt_rRNA,1.0,31,0,31,863.67,97,3,1,.,.,.,.,.,.,.,.,.,.,.,.,.,.,.,.,.,.,.,.,.,.,.,.,.,MT,3107,N,C,2645.0,POS,60.0,0.0,2952.0,0.0,39.0,58.0,0.0,0.0,0.0,0.402,FAIL,PASS,PASS,PASS,PASS,1/1,0,0,940,30.323,DP=97;MQM=60;MQMR=0;QA=2952;QR=0;SAF=39;SAR=58;SRF=0;SRR=0;SBR=0;SBA=0.402,1/1:31:0_31:0:0:0:31:940:30.323:1.0:863.67
1760_CH1388,m.3107N>C,MT-RNR2,Mt_rRNA,1.0,34,0,34,944.64,97,3,1,.,.,.,.,.,.,.,.,.,.,.,.,.,.,.,.,.,.,.,.,.,.,.,.,.,MT,3107,N,C,2645.0,POS,60.0,0.0,2952.0,0.0,39.0,58.0,0.0,0.0,0.0,0.402,FAIL,PASS,PASS,PASS,PASS,1/1,0,0,1040,30.588,DP=97;MQM=60;MQMR=0;QA=2952;QR=0;SAF=39;SAR=58;SRF=0;SRR=0;SBR=0;SBA=0.402,1/1:34:0_34:0:0:0:34:1040:30.588:1.0:944.64
1760_CH1389,m.3107N>C,MT-RNR2,Mt_rRNA,1.0,32,0,32,890.66,97,3,1,.,.,.,.,.,.,.,.,.,.,.,.,.,.,.,.,.,.,.,.,.,.,.,.,.,MT,3107,N,C,2645.0,POS,60.0,0.0,2952.0,0.0,39.0,58.0,0.0,0.0,0.0,0.402,FAIL,PASS,PASS,PASS,PASS,1/1,0,0,972,30.375,DP=97;MQM=60;MQMR=0;QA=2952;QR=0;SAF=39;SAR=58;SRF=0;SRR=0;SBR=0;SBA=0.402,1/1:32:0_32:0:0:0:32:972:30.375:1.0:890.66
1760_CH4043,m.3107N>T,MT-RNR2,Mt_rRNA,1.0,28,0,28,782.7,86,3,1,.,.,.,.,.,.,.,.,.,.,.,.,.,.,.,.,.,.,.,.,.,.,.,.,.,MT,3107,N,T,2348.1,POS,60.0,0.0,2683.0,0.0,28.0,58.0,0.0,0.0,0.0,0.326,FAIL,PASS,PASS,PASS,PASS,1/1,0,0,884,31.571,DP=86;MQM=60;MQMR=0;QA=2683;QR=0;SAF=28;SAR=58;SRF=0;SRR=0;SBR=0;SBA=0.326,1/1:28:0_28:0:0:0:28:884:31.571:1.0:782.7
1760_CH1388,m.3107N>T,MT-RNR2,Mt_rRNA,1.0,27,0,27,755.71,86,3,1,.,.,.,.,.,.,.,.,.,.,.,.,.,.,.,.,.,.,.,.,.,.,.,.,.,MT,3107,N,T,2348.1,POS,60.0,0.0,2683.0,0.0,28.0,58.0,0.0,0.0,0.0,0.326,FAIL,PASS,PASS,PASS,PASS,1/1,0,0,843,31.222,DP=86;MQM=60;MQMR=0;QA=2683;QR=0;SAF=28;SAR=58;SRF=0;SRR=0;SBR=0;SBA=0.326,1/1:27:0_27:0:0:0:27:843:31.222:1.0:755.71
1760_CH1389,m.3107N>T,MT-RNR2,Mt_rRNA,1.0,31,0,31,863.67,86,3,1,.,.,.,.,.,.,.,.,.,.,.,.,.,.,.,.,.,.,.,.,.,.,.,.,.,MT,3107,N,T,2348.1,POS,60.0,0.0,2683.0,0.0,28.0,58.0,0.0,0.0,0.0,0.326,FAIL,PASS,PASS,PASS,PASS,1/1,0,0,956,30.839,DP=86;MQM=60;MQMR=0;QA=2683;QR=0;SAF=28;SAR=58;SRF=0;SRR=0;SBR=0;SBA=0.326,1/1:31:0_31:0:0:0:31:956:30.839:1.0:863.67
1760_CH4043,m.3109T>C,MT-RNR2,Mt_rRNA,1.0,28,0,28,782.7,86,3,1,.,.,.,.,.,.,0.0,.,.,.,.,.,.,MT-RNR2,1,rRNA,-,-,.,.,.,.,.,.,3,MT,3109,T,C,2348.1,PASS,60.0,0.0,2683.0,0.0,28.0,58.0,0.0,0.0,0.0,0.326,PASS,PASS,PASS,PASS,PASS,1/1,0,0,884,31.571,DP=86;MQM=60;MQMR=0;QA=2683;QR=0;SAF=28;SAR=58;SRF=0;SRR=0;SBR=0;SBA=0.326;AC_hom=0;AC_het=0;AF_hom=0;AF_het=0;max_hl=0,1/1:28:0_28:0:0:0:28:884:31.571:1.0:782.7
1760_CH1388,m.3109T>C,MT-RNR2,Mt_rRNA,1.0,27,0,27,755.71,86,3,1,.,.,.,.,.,.,0.0,.,.,.,.,.,.,MT-RNR2,1,rRNA,-,-,.,.,.,.,.,.,3,MT,3109,T,C,2348.1,PASS,60.0,0.0,2683.0,0.0,28.0,58.0,0.0,0.0,0.0,0.326,PASS,PASS,PASS,PASS,PASS,1/1,0,0,843,31.222,DP=86;MQM=60;MQMR=0;QA=2683;QR=0;SAF=28;SAR=58;SRF=0;SRR=0;SBR=0;SBA=0.326;AC_hom=0;AC_het=0;AF_hom=0;AF_het=0;max_hl=0,1/1:27:0_27:0:0:0:27:843:31.222:1.0:755.71
1760_CH1389,m.3109T>C,MT-RNR2,Mt_rRNA,1.0,31,0,31,863.67,86,3,1,.,.,.,.,.,.,0.0,.,.,.,.,.,.,MT-RNR2,1,rRNA,-,-,.,.,.,.,.,.,3,MT,3109,T,C,2348.1,PASS,60.0,0.0,2683.0,0.0,28.0,58.0,0.0,0.0,0.0,0.326,PASS,PASS,PASS,PASS,PASS,1/1,0,0,956,30.839,DP=86;MQM=60;MQMR=0;QA=2683;QR=0;SAF=28;SAR=58;SRF=0;SRR=0;SBR=0;SBA=0.326;AC_hom=0;AC_het=0;AF_hom=0;AF_het=0;max_hl=0,1/1:31:0_31:0:0:0:31:956:30.839:1.0:863.67
1760_CH4043,m.3578T>A,MT-ND1,protein_coding,0.0102,26,2512,2538,111.46,6589,3,1,.,.,.,.,.,.,.,.,.,.,.,.,.,.,.,.,.,.,.,.,.,.,.,.,.,MT,3578,T,A,204.2,PASS,58.6949,59.9896,1660.0,202449.0,59.0,0.0,1316.0,5214.0,0.202,1.0,PASS,PASS,PASS,PASS,PASS,0/1,77865,30.997,717,27.577,DP=6589;MQM=58.6949;MQMR=59.9896;QA=1660;QR=202449;SAF=59;SAR=0;SRF=1316;SRR=5214;SBR=0.202;SBA=1.0;AC_hom=0;AC_het=0;AF_hom=0;AF_het=0;max_hl=0,0/1:2538:2512_26:2512:77865:30.997:26:717:27.577:0.0102:111.46
1760_CH1388,m.3578T>A,MT-ND1,protein_coding,0.009,21,2300,2321,83.3,6589,3,2,.,.,.,.,.,.,.,.,.,.,.,.,.,.,.,.,.,.,.,.,.,.,.,.,.,MT,3578,T,A,204.2,PASS,58.6949,59.9896,1660.0,202449.0,59.0,0.0,1316.0,5214.0,0.202,1.0,PASS,PASS,PASS,PASS,PASS,0/1,71451,31.066,601,28.619,DP=6589;MQM=58.6949;MQMR=59.9896;QA=1660;QR=202449;SAF=59;SAR=0;SRF=1316;SRR=5214;SBR=0.202;SBA=1.0;AC_hom=0;AC_het=0;AF_hom=0;AF_het=0;max_hl=0,0/1:2321:2300_21:2300:71451:31.066:21:601:28.619:0.009:83.3
1760_CH1389,m.3578T>A,MT-ND1,protein_coding,0.0069,12,1718,1730,41.79,6589,3,2,.,.,.,.,.,.,.,.,.,.,.,.,.,.,.,.,.,.,.,.,.,.,.,.,.,MT,3578,T,A,204.2,PASS,58.6949,59.9896,1660.0,202449.0,59.0,0.0,1316.0,5214.0,0.202,1.0,PASS,PASS,PASS,PASS,PASS,0/1,53133,30.927,342,28.5,DP=6589;MQM=58.6949;MQMR=59.9896;QA=1660;QR=202449;SAF=59;SAR=0;SRF=1316;SRR=5214;SBR=0.202;SBA=1.0;AC_hom=0;AC_het=0;AF_hom=0;AF_het=0;max_hl=0,0/1:1730:1718_12:1718:53133:30.927:12:342:28.5:0.0069:41.79
1760_CH4043,m.3583A>C,MT-ND1,protein_coding,0.0061,21,3419,3440,54.74,8877,3,2,.,.,.,.,.,.,.,.,.,.,.,.,.,.,.,.,.,.,.,.,.,.,.,.,.,MT,3583,A,C,246.5,SBA,60.0,59.9863,2082.0,285069.0,69.0,7.0,2515.0,6286.0,0.286,0.908,PASS,PASS,FAIL,PASS,PASS,0/1,110379,32.284,580,27.619,DP=8877;MQM=60;MQMR=59.9863;QA=2082;QR=285069;SAF=69;SAR=7;SRF=2515;SRR=6286;SBR=0.286;SBA=0.908;AC_hom=0;AC_het=1;AF_hom=0;AF_het=1.7725e-05;max_hl=0.934,0/1:3440:3419_21:3419:110379:32.284:21:580:27.619:0.0061:54.74
1760_CH1388,m.3583A>C,MT-ND1,protein_coding,0.0085,27,3134,3161,97.31,8877,3,2,.,.,.,.,.,.,.,.,.,.,.,.,.,.,.,.,.,.,.,.,.,.,.,.,.,MT,3583,A,C,246.5,SBA,60.0,59.9863,2082.0,285069.0,69.0,7.0,2515.0,6286.0,0.286,0.908,PASS,PASS,FAIL,PASS,PASS,0/1,101866,32.504,746,27.63,DP=8877;MQM=60;MQMR=59.9863;QA=2082;QR=285069;SAF=69;SAR=7;SRF=2515;SRR=6286;SBR=0.286;SBA=0.908;AC_hom=0;AC_het=1;AF_hom=0;AF_het=1.7725e-05;max_hl=0.934,0/1:3161:3134_27:3134:101866:32.504:27:746:27.63:0.0085:97.31
1760_CH1389,m.3583A>C,MT-ND1,protein_coding,0.0123,28,2248,2276,138.2,8877,3,1,.,.,.,.,.,.,.,.,.,.,.,.,.,.,.,.,.,.,.,.,.,.,.,.,.,MT,3583,A,C,246.5,SBA,60.0,59.9863,2082.0,285069.0,69.0,7.0,2515.0,6286.0,0.286,0.908,PASS,PASS,FAIL,PASS,PASS,0/1,72824,32.395,756,27.0,DP=8877;MQM=60;MQMR=59.9863;QA=2082;QR=285069;SAF=69;SAR=7;SRF=2515;SRR=6286;SBR=0.286;SBA=0.908;AC_hom=0;AC_het=1;AF_hom=0;AF_het=1.7725e-05;max_hl=0.934,0/1:2276:2248_28:2248:72824:32.395:28:756:27.0:0.0123:138.2
1760_CH4043,m.3915G>A,MT-ND1,protein_coding,0.999,5178,5,5183,3220.0,12651,3,1,.,"H17,H3h3b,H6a,I6a,L3e4,M21b,M7c1c3d,P4a,T2c1c1,U2b1",.,.,.,.,0.013,.,0.0246045694200352,.,140.0,5690.0,G3915A,MT-ND1,23,syn:G-G,3,203,.,.,.,.,.,.,418,MT,3915,G,A,3220.0,PASS,59.3936,59.6321,314377.0,98164.0,5026.0,4556.0,1589.0,1480.0,0.518,0.525,PASS,PASS,PASS,PASS,PASS,0/1,162,32.4,169649,32.763,DP=12651;MQM=59.3936;MQMR=59.6321;QA=314377;QR=98164;SAF=5026;SAR=4556;SRF=1589;SRR=1480;SBR=0.518;SBA=0.525;clinvar_pathogenic=Benign;clinvar_status=criteria_provided__single_submitter;AC_hom=940;AC_het=10;AF_hom=0.016684;AF_het=0.00017749;max_hl=1,0/1:5183:5_5178:5:162:32.4:5178:169649:32.763:0.999:3220.0
1760_CH1388,m.3915G>A,MT-ND1,protein_coding,0.9986,4400,6,4406,3220.0,12651,3,1,.,"H17,H3h3b,H6a,I6a,L3e4,M21b,M7c1c3d,P4a,T2c1c1,U2b1",.,.,.,.,0.013,.,0.0246045694200352,.,140.0,5690.0,G3915A,MT-ND1,23,syn:G-G,3,203,.,.,.,.,.,.,418,MT,3915,G,A,3220.0,PASS,59.3936,59.6321,314377.0,98164.0,5026.0,4556.0,1589.0,1480.0,0.518,0.525,PASS,PASS,PASS,PASS,PASS,0/1,191,31.833,144594,32.862,DP=12651;MQM=59.3936;MQMR=59.6321;QA=314377;QR=98164;SAF=5026;SAR=4556;SRF=1589;SRR=1480;SBR=0.518;SBA=0.525;clinvar_pathogenic=Benign;clinvar_status=criteria_provided__single_submitter;AC_hom=940;AC_het=10;AF_hom=0.016684;AF_het=0.00017749;max_hl=1,0/1:4406:6_4400:6:191:31.833:4400:144594:32.862:0.9986:3220.0
1760_CH1389,m.3915G>A,MT-ND1,protein_coding,0.0013,4,3058,3062,1.36,12651,3,3,.,"H17,H3h3b,H6a,I6a,L3e4,M21b,M7c1c3d,P4a,T2c1c1,U2b1",.,.,.,.,0.013,.,0.0246045694200352,.,140.0,5690.0,G3915A,MT-ND1,23,syn:G-G,3,203,.,.,.,.,.,.,418,MT,3915,G,A,3220.0,PASS,59.3936,59.6321,314377.0,98164.0,5026.0,4556.0,1589.0,1480.0,0.518,0.525,PASS,PASS,PASS,PASS,PASS,0/1,97811,31.985,134,33.5,DP=12651;MQM=59.3936;MQMR=59.6321;QA=314377;QR=98164;SAF=5026;SAR=4556;SRF=1589;SRR=1480;SBR=0.518;SBA=0.525;clinvar_pathogenic=Benign;clinvar_status=criteria_provided__single_submitter;AC_hom=940;AC_het=10;AF_hom=0.016684;AF_het=0.00017749;max_hl=1,0/1:3062:3058_4:3058:97811:31.985:4:134:33.5:0.0013:1.36
1760_CH4043,m.4727A>G,MT-ND2,protein_coding,0.9988,3441,4,3445,3220.0,8700,2,1,.,H6a1,.,.,.,.,0.008,.,0.0196836555360281,.,112.0,5690.0,A4727G,MT-ND2,12,syn:M-M,3,86,.,.,.,.,.,.,255,MT,4727,A,G,3220.0,PASS,42.9906,43.2002,204339.0,70490.0,4755.0,1742.0,1585.0,618.0,0.719,0.732,PASS,PASS,PASS,PASS,PASS,0/1,131,32.75,108071,31.407,DP=8700;MQM=42.9906;MQMR=43.2002;QA=204339;QR=70490;SAF=4755;SAR=1742;SRF=1585;SRR=618;SBR=0.719;SBA=0.732;AC_hom=632;AC_het=0;AF_hom=0.0112;AF_het=0;max_hl=1,0/1:3445:4_3441:4:131:32.75:3441:108071:31.407:0.9988:3220.0
1760_CH1388,m.4727A>G,MT-ND2,protein_coding,0.9987,3056,4,3060,3220.0,8700,2,1,.,H6a1,.,.,.,.,0.008,.,0.0196836555360281,.,112.0,5690.0,A4727G,MT-ND2,12,syn:M-M,3,86,.,.,.,.,.,.,255,MT,4727,A,G,3220.0,PASS,42.9906,43.2002,204339.0,70490.0,4755.0,1742.0,1585.0,618.0,0.719,0.732,PASS,PASS,PASS,PASS,PASS,0/1,133,33.25,96268,31.501,DP=8700;MQM=42.9906;MQMR=43.2002;QA=204339;QR=70490;SAF=4755;SAR=1742;SRF=1585;SRR=618;SBR=0.719;SBA=0.732;AC_hom=632;AC_het=0;AF_hom=0.0112;AF_het=0;max_hl=1,0/1:3060:4_3056:4:133:33.25:3056:96268:31.501:0.9987:3220.0
1760_CH4043,m.4769A>G,MT-ND2,protein_coding,0.9997,3053,1,3054,3220.0,7803,3,1,.,H2a1d,.,.,.,.,0.973,.,0.973637961335677,.,5540.0,5690.0,A4769G!,MT-ND2,124,syn:M-M,3,100,.,.,.,.,.,.,31182,MT,4769,A,G,3220.0,PASS,42.7307,59.0,247311.0,68.0,6441.0,1360.0,0.0,2.0,0.0,0.826,PASS,PASS,PASS,PASS,PASS,0/1,34,34.0,96546,31.623,DP=7803;MQM=42.7307;MQMR=59;QA=247311;QR=68;SAF=6441;SAR=1360;SRF=0;SRR=2;SBR=0.0;SBA=0.826;clinvar_pathogenic=not_provided;clinvar_status=no_assertion_provided;AC_hom=55440;AC_het=2;AF_hom=0.9839;AF_het=3.5493e-05;max_hl=1,0/1:3054:1_3053:1:34:34.0:3053:96546:31.623:0.9997:3220.0
1760_CH1388,m.4769A>G,MT-ND2,protein_coding,1.0,2710,0,2710,3220.0,7803,3,1,.,H2a1d,.,.,.,.,0.973,.,0.973637961335677,.,5540.0,5690.0,A4769G!,MT-ND2,124,syn:M-M,3,100,.,.,.,.,.,.,31182,MT,4769,A,G,3220.0,PASS,42.7307,59.0,247311.0,68.0,6441.0,1360.0,0.0,2.0,0.0,0.826,PASS,PASS,PASS,PASS,PASS,1/1,0,0,85775,31.651,DP=7803;MQM=42.7307;MQMR=59;QA=247311;QR=68;SAF=6441;SAR=1360;SRF=0;SRR=2;SBR=0.0;SBA=0.826;clinvar_pathogenic=not_provided;clinvar_status=no_assertion_provided;AC_hom=55440;AC_het=2;AF_hom=0.9839;AF_het=3.5493e-05;max_hl=1,1/1:2710:0_2710:0:0:0:2710:85775:31.651:1.0:3220.0
1760_CH1389,m.4769A>G,MT-ND2,protein_coding,0.9995,2038,1,2039,3220.0,7803,3,1,.,H2a1d,.,.,.,.,0.973,.,0.973637961335677,.,5540.0,5690.0,A4769G!,MT-ND2,124,syn:M-M,3,100,.,.,.,.,.,.,31182,MT,4769,A,G,3220.0,PASS,42.7307,59.0,247311.0,68.0,6441.0,1360.0,0.0,2.0,0.0,0.826,PASS,PASS,PASS,PASS,PASS,0/1,34,34.0,64990,31.889,DP=7803;MQM=42.7307;MQMR=59;QA=247311;QR=68;SAF=6441;SAR=1360;SRF=0;SRR=2;SBR=0.0;SBA=0.826;clinvar_pathogenic=not_provided;clinvar_status=no_assertion_provided;AC_hom=55440;AC_het=2;AF_hom=0.9839;AF_het=3.5493e-05;max_hl=1,0/1:2039:1_2038:1:34:34.0:2038:64990:31.889:0.9995:3220.0
1760_CH4043,m.8542T>C,MT-ATP8;MT-ATP6,protein_coding;protein_coding,0.9986,4385,6,4391,3220.0,11405,3,1,.,.,.,.,.,.,0.0,.,.,.,.,.,.,MT-ATP6.MT-ATP8,1.1,ATP8:C-C ATP6:F-L.ATP8:C-C ATP6:F-L,1.3,6.59,.,.,.,.,.,.,3,MT,8542,T,C,3220.0,PASS,58.6689,58.7912,263656.0,97946.0,4149.0,4172.0,1538.0,1546.0,0.499,0.499,PASS,PASS,PASS,PASS,PASS,0/1,188,31.333,138533,31.592,DP=11405;MQM=58.6689;MQMR=58.7912;QA=263656;QR=97946;SAF=4149;SAR=4172;SRF=1538;SRR=1546;SBR=0.499;SBA=0.499;clinvar_pathogenic=Benign;clinvar_status=criteria_provided__single_submitter;AC_hom=12;AC_het=1;AF_hom=0.00021265;AF_het=1.7721e-05;max_hl=1,0/1:4391:6_4385:6:188:31.333:4385:138533:31.592:0.9986:3220.0
1760_CH1388,m.8542T>C,MT-ATP8;MT-ATP6,protein_coding;protein_coding,0.998,3933,8,3941,3220.0,11405,3,1,.,.,.,.,.,.,0.0,.,.,.,.,.,.,MT-ATP6.MT-ATP8,1.1,ATP8:C-C ATP6:F-L.ATP8:C-C ATP6:F-L,1.3,6.59,.,.,.,.,.,.,3,MT,8542,T,C,3220.0,PASS,58.6689,58.7912,263656.0,97946.0,4149.0,4172.0,1538.0,1546.0,0.499,0.499,PASS,PASS,PASS,PASS,PASS,0/1,244,30.5,125026,31.789,DP=11405;MQM=58.6689;MQMR=58.7912;QA=263656;QR=97946;SAF=4149;SAR=4172;SRF=1538;SRR=1546;SBR=0.499;SBA=0.499;clinvar_pathogenic=Benign;clinvar_status=criteria_provided__single_submitter;AC_hom=12;AC_het=1;AF_hom=0.00021265;AF_het=1.7721e-05;max_hl=1,0/1:3941:8_3933:8:244:30.5:3933:125026:31.789:0.998:3220.0
1760_CH1389,m.8542T>C,MT-ATP8;MT-ATP6,protein_coding;protein_coding,0.001,3,3070,3073,0.65,11405,3,3,.,.,.,.,.,.,0.0,.,.,.,.,.,.,MT-ATP6.MT-ATP8,1.1,ATP8:C-C ATP6:F-L.ATP8:C-C ATP6:F-L,1.3,6.59,.,.,.,.,.,.,3,MT,8542,T,C,3220.0,PASS,58.6689,58.7912,263656.0,97946.0,4149.0,4172.0,1538.0,1546.0,0.499,0.499,PASS,PASS,PASS,PASS,PASS,0/0,97514,31.764,97,32.333,DP=11405;MQM=58.6689;MQMR=58.7912;QA=263656;QR=97946;SAF=4149;SAR=4172;SRF=1538;SRR=1546;SBR=0.499;SBA=0.499;clinvar_pathogenic=Benign;clinvar_status=criteria_provided__single_submitter;AC_hom=12;AC_het=1;AF_hom=0.00021265;AF_het=1.7721e-05;max_hl=1,0/0:3073:3070_3:3070:97514:31.764:3:97:32.333:0.001:0.65
1760_CH4043,m.8860A>G,MT-ATP6,protein_coding,0.9996,2789,1,2790,3220.0,7227,3,1,.,.,.,.,.,.,0.983,.,0.991915641476274,.,5644.0,5690.0,.,MT-ATP6,125,non-syn:T-A,1,112,.,.,.,.,.,.,31527,MT,8860,A,G,3220.0,PASS,39.9085,60.0,209565.0,33.0,2285.0,4941.0,1.0,0.0,1.0,0.316,PASS,PASS,PASS,PASS,PASS,0/1,33,33.0,81341,29.165,DP=7227;MQM=39.9085;MQMR=60;QA=209565;QR=33;SAF=2285;SAR=4941;SRF=1;SRR=0;SBR=1.0;SBA=0.316;clinvar_pathogenic=Benign;clinvar_status=criteria_provided__single_submitter;AC_hom=56069;AC_het=9;AF_hom=0.9938;AF_het=0.00015952;max_hl=1,0/1:2790:1_2789:1:33:33.0:2789:81341:29.165:0.9996:3220.0
1760_CH1388,m.8860A>G,MT-ATP6,protein_coding,1.0,2468,0,2468,3220.0,7227,3,1,.,.,.,.,.,.,0.983,.,0.991915641476274,.,5644.0,5690.0,.,MT-ATP6,125,non-syn:T-A,1,112,.,.,.,.,.,.,31527,MT,8860,A,G,3220.0,PASS,39.9085,60.0,209565.0,33.0,2285.0,4941.0,1.0,0.0,1.0,0.316,PASS,PASS,PASS,PASS,PASS,1/1,0,0,71369,28.918,DP=7227;MQM=39.9085;MQMR=60;QA=209565;QR=33;SAF=2285;SAR=4941;SRF=1;SRR=0;SBR=1.0;SBA=0.316;clinvar_pathogenic=Benign;clinvar_status=criteria_provided__single_submitter;AC_hom=56069;AC_het=9;AF_hom=0.9938;AF_het=0.00015952;max_hl=1,1/1:2468:0_2468:0:0:0:2468:71369:28.918:1.0:3220.0
1760_CH1389,m.8860A>G,MT-ATP6,protein_coding,1.0,1969,0,1969,3220.0,7227,3,1,.,.,.,.,.,.,0.983,.,0.991915641476274,.,5644.0,5690.0,.,MT-ATP6,125,non-syn:T-A,1,112,.,.,.,.,.,.,31527,MT,8860,A,G,3220.0,PASS,39.9085,60.0,209565.0,33.0,2285.0,4941.0,1.0,0.0,1.0,0.316,PASS,PASS,PASS,PASS,PASS,1/1,0,0,56855,28.875,DP=7227;MQM=39.9085;MQMR=60;QA=209565;QR=33;SAF=2285;SAR=4941;SRF=1;SRR=0;SBR=1.0;SBA=0.316;clinvar_pathogenic=Benign;clinvar_status=criteria_provided__single_submitter;AC_hom=56069;AC_het=9;AF_hom=0.9938;AF_het=0.00015952;max_hl=1,1/1:1969:0_1969:0:0:0:1969:56855:28.875:1.0:3220.0
1760_CH4043,m.9254A>G,MT-CO3,protein_coding,0.9987,4474,6,4480,3220.0,12203,3,1,.,"B4a1c1,C1c8,D4a1e1,H6a1b2,K2a2a1,L0d2d,L3x2b,L3d1c1,L3e1a2,E2a1,M80,Q3a1,Q3b,N22,N7a,R6b,T1b2,T2b4,V10b",.,.,.,.,0.009,.,0.0140597539543058,.,80.0,5690.0,A9254G,MT-CO3,10,syn:W-W,3,16,.,.,.,.,.,.,296,MT,9254,A,G,3220.0,PASS,44.203,58.8201,262899.0,124579.0,4809.0,3541.0,2104.0,1749.0,0.546,0.576,PASS,PASS,PASS,PASS,PASS,0/1,187,31.167,141426,31.611,DP=12203;MQM=44.203;MQMR=58.8201;QA=262899;QR=124579;SAF=4809;SAR=3541;SRF=2104;SRR=1749;SBR=0.546;SBA=0.576;AC_hom=638;AC_het=8;AF_hom=0.011308;AF_het=0.00014179;max_hl=1,0/1:4480:6_4474:6:187:31.167:4474:141426:31.611:0.9987:3220.0
1760_CH1388,m.9254A>G,MT-CO3,protein_coding,0.9969,3874,12,3886,3220.0,12203,3,1,.,"B4a1c1,C1c8,D4a1e1,H6a1b2,K2a2a1,L0d2d,L3x2b,L3d1c1,L3e1a2,E2a1,M80,Q3a1,Q3b,N22,N7a,R6b,T1b2,T2b4,V10b",.,.,.,.,0.009,.,0.0140597539543058,.,80.0,5690.0,A9254G,MT-CO3,10,syn:W-W,3,16,.,.,.,.,.,.,296,MT,9254,A,G,3220.0,PASS,44.203,58.8201,262899.0,124579.0,4809.0,3541.0,2104.0,1749.0,0.546,0.576,PASS,PASS,PASS,PASS,PASS,0/1,396,33.0,121415,31.341,DP=12203;MQM=44.203;MQMR=58.8201;QA=262899;QR=124579;SAF=4809;SAR=3541;SRF=2104;SRR=1749;SBR=0.546;SBA=0.576;AC_hom=638;AC_het=8;AF_hom=0.011308;AF_het=0.00014179;max_hl=1,0/1:3886:12_3874:12:396:33.0:3874:121415:31.341:0.9969:3220.0
1760_CH1389,m.9254A>G,MT-CO3,protein_coding,0.0005,2,3835,3837,0.08,12203,3,3,.,"B4a1c1,C1c8,D4a1e1,H6a1b2,K2a2a1,L0d2d,L3x2b,L3d1c1,L3e1a2,E2a1,M80,Q3a1,Q3b,N22,N7a,R6b,T1b2,T2b4,V10b",.,.,.,.,0.009,.,0.0140597539543058,.,80.0,5690.0,A9254G,MT-CO3,10,syn:W-W,3,16,.,.,.,.,.,.,296,MT,9254,A,G,3220.0,PASS,44.203,58.8201,262899.0,124579.0,4809.0,3541.0,2104.0,1749.0,0.546,0.576,PASS,PASS,PASS,PASS,PASS,0/0,123996,32.333,58,29.0,DP=12203;MQM=44.203;MQMR=58.8201;QA=262899;QR=124579;SAF=4809;SAR=3541;SRF=2104;SRR=1749;SBR=0.546;SBA=0.576;AC_hom=638;AC_het=8;AF_hom=0.011308;AF_het=0.00014179;max_hl=1,0/0:3837:3835_2:3835:123996:32.333:2:58:29.0:0.0005:0.08
1760_CH4043,m.9380G>A,MT-CO3,protein_coding,0.9986,5688,8,5696,3220.0,13594,3,1,.,"H1c1a,H53,H6a,H7d5,L3h2,M59,M71c,X2e1a",.,.,.,.,0.011,.,0.0233743409490334,.,133.0,5690.0,G9380A,MT-CO3,11,syn:W-W,3,58,.,.,.,.,.,.,352,MT,9380,G,A,3220.0,PASS,53.6216,55.254,343965.0,90575.0,5010.0,5604.0,1828.0,1152.0,0.613,0.472,PASS,PASS,PASS,PASS,PASS,0/1,248,31.0,183218,32.211,DP=13594;MQM=53.6216;MQMR=55.254;QA=343965;QR=90575;SAF=5010;SAR=5604;SRF=1828;SRR=1152;SBR=0.613;SBA=0.472;AC_hom=781;AC_het=9;AF_hom=0.013843;AF_het=0.00015953;max_hl=1,0/1:5696:8_5688:8:248:31.0:5688:183218:32.211:0.9986:3220.0
1760_CH1388,m.9380G>A,MT-CO3,protein_coding,0.9984,4925,8,4933,3220.0,13594,3,1,.,"H1c1a,H53,H6a,H7d5,L3h2,M59,M71c,X2e1a",.,.,.,.,0.011,.,0.0233743409490334,.,133.0,5690.0,G9380A,MT-CO3,11,syn:W-W,3,58,.,.,.,.,.,.,352,MT,9380,G,A,3220.0,PASS,53.6216,55.254,343965.0,90575.0,5010.0,5604.0,1828.0,1152.0,0.613,0.472,PASS,PASS,PASS,PASS,PASS,0/1,240,30.0,160715,32.632,DP=13594;MQM=53.6216;MQMR=55.254;QA=343965;QR=90575;SAF=5010;SAR=5604;SRF=1828;SRR=1152;SBR=0.613;SBA=0.472;AC_hom=781;AC_het=9;AF_hom=0.013843;AF_het=0.00015953;max_hl=1,0/1:4933:8_4925:8:240:30.0:4925:160715:32.632:0.9984:3220.0
1760_CH1389,m.9380G>A,MT-CO3,protein_coding,0.0003,1,2964,2965,0.08,13594,3,3,.,"H1c1a,H53,H6a,H7d5,L3h2,M59,M71c,X2e1a",.,.,.,.,0.011,.,0.0233743409490334,.,133.0,5690.0,G9380A,MT-CO3,11,syn:W-W,3,58,.,.,.,.,.,.,352,MT,9380,G,A,3220.0,PASS,53.6216,55.254,343965.0,90575.0,5010.0,5604.0,1828.0,1152.0,0.613,0.472,PASS,PASS,PASS,PASS,PASS,0/0,90087,30.394,32,32.0,DP=13594;MQM=53.6216;MQMR=55.254;QA=343965;QR=90575;SAF=5010;SAR=5604;SRF=1828;SRR=1152;SBR=0.613;SBA=0.472;AC_hom=781;AC_het=9;AF_hom=0.013843;AF_het=0.00015953;max_hl=1,0/0:2965:2964_1:2964:90087:30.394:1:32:32.0:0.0003:0.08
1760_CH4043,m.10589G>A,MT-ND4L,protein_coding,0.9981,4724,9,4733,3220.0,12617,3,1,.,"D5a2a1a1a,H3h5,H6a1b,L0,U5b2a2a2",.,.,.,.,0.037,.,0.0119507908611599,.,68.0,5690.0,G10589A,MT-ND4L,15,syn:L-L,3,40,.,.,.,.,.,.,1196,MT,10589,G,A,3220.0,PASS,59.9472,59.9947,278519.0,115255.0,4188.0,4681.0,2165.0,1583.0,0.578,0.472,PASS,PASS,PASS,PASS,PASS,0/1,278,30.889,148438,31.422,DP=12617;MQM=59.9472;MQMR=59.9947;QA=278519;QR=115255;SAF=4188;SAR=4681;SRF=2165;SRR=1583;SBR=0.578;SBA=0.472;AC_hom=1039;AC_het=4;AF_hom=0.018414;AF_het=7.0893e-05;max_hl=1,0/1:4733:9_4724:9:278:30.889:4724:148438:31.422:0.9981:3220.0
1760_CH1388,m.10589G>A,MT-ND4L,protein_coding,0.9966,4143,14,4157,3220.0,12617,3,1,.,"D5a2a1a1a,H3h5,H6a1b,L0,U5b2a2a2",.,.,.,.,0.037,.,0.0119507908611599,.,68.0,5690.0,G10589A,MT-ND4L,15,syn:L-L,3,40,.,.,.,.,.,.,1196,MT,10589,G,A,3220.0,PASS,59.9472,59.9947,278519.0,115255.0,4188.0,4681.0,2165.0,1583.0,0.578,0.472,PASS,PASS,PASS,PASS,PASS,0/1,426,30.429,130017,31.382,DP=12617;MQM=59.9472;MQMR=59.9947;QA=278519;QR=115255;SAF=4188;SAR=4681;SRF=2165;SRR=1583;SBR=0.578;SBA=0.472;AC_hom=1039;AC_het=4;AF_hom=0.018414;AF_het=7.0893e-05;max_hl=1,0/1:4157:14_4143:14:426:30.429:4143:130017:31.382:0.9966:3220.0
1760_CH1389,m.10589G>A,MT-ND4L,protein_coding,0.0005,2,3725,3727,0.09,12617,3,3,.,"D5a2a1a1a,H3h5,H6a1b,L0,U5b2a2a2",.,.,.,.,0.037,.,0.0119507908611599,.,68.0,5690.0,G10589A,MT-ND4L,15,syn:L-L,3,40,.,.,.,.,.,.,1196,MT,10589,G,A,3220.0,PASS,59.9472,59.9947,278519.0,115255.0,4188.0,4681.0,2165.0,1583.0,0.578,0.472,PASS,PASS,PASS,PASS,PASS,0/0,114551,30.752,64,32.0,DP=12617;MQM=59.9472;MQMR=59.9947;QA=278519;QR=115255;SAF=4188;SAR=4681;SRF=2165;SRR=1583;SBR=0.578;SBA=0.472;AC_hom=1039;AC_het=4;AF_hom=0.018414;AF_het=7.0893e-05;max_hl=1,0/0:3727:3725_2:3725:114551:30.752:2:64:32.0:0.0005:0.09
1760_CH4043,m.11719G>A,MT-ND4,protein_coding,0.0009,5,5450,5455,0.17,13933,3,3,.,"H27,H5a1b",.,.,.,.,0.754,.,0.528998242530756,.,3010.0,5690.0,G11719A!,MT-ND4,126,syn:G-G,3,320,.,.,.,.,.,.,24160,MT,11719,G,A,3220.0,PASS,57.2021,59.9607,117213.0,329586.0,1824.0,1818.0,5073.0,5218.0,0.493,0.501,PASS,PASS,PASS,PASS,PASS,0/1,175439,32.191,163,32.6,DP=13933;MQM=57.2021;MQMR=59.9607;QA=117213;QR=329586;SAF=1824;SAR=1818;SRF=5073;SRR=5218;SBR=0.493;SBA=0.501;AC_hom=39882;AC_het=3;AF_hom=0.711;AF_het=5.3485e-05;max_hl=1,0/1:5455:5450_5:5450:175439:32.191:5:163:32.6:0.0009:0.17
1760_CH1388,m.11719G>A,MT-ND4,protein_coding,0.0029,14,4839,4853,11.62,13933,3,2,.,"H27,H5a1b",.,.,.,.,0.754,.,0.528998242530756,.,3010.0,5690.0,G11719A!,MT-ND4,126,syn:G-G,3,320,.,.,.,.,.,.,24160,MT,11719,G,A,3220.0,PASS,57.2021,59.9607,117213.0,329586.0,1824.0,1818.0,5073.0,5218.0,0.493,0.501,PASS,PASS,PASS,PASS,PASS,0/1,154083,31.842,460,32.857,DP=13933;MQM=57.2021;MQMR=59.9607;QA=117213;QR=329586;SAF=1824;SAR=1818;SRF=5073;SRR=5218;SBR=0.493;SBA=0.501;AC_hom=39882;AC_het=3;AF_hom=0.711;AF_het=5.3485e-05;max_hl=1,0/1:4853:4839_14:4839:154083:31.842:14:460:32.857:0.0029:11.62
1760_CH1389,m.11719G>A,MT-ND4,protein_coding,0.9994,3623,2,3625,3220.0,13933,3,1,.,"H27,H5a1b",.,.,.,.,0.754,.,0.528998242530756,.,3010.0,5690.0,G11719A!,MT-ND4,126,syn:G-G,3,320,.,.,.,.,.,.,24160,MT,11719,G,A,3220.0,PASS,57.2021,59.9607,117213.0,329586.0,1824.0,1818.0,5073.0,5218.0,0.493,0.501,PASS,PASS,PASS,PASS,PASS,0/1,64,32.0,116590,32.181,DP=13933;MQM=57.2021;MQMR=59.9607;QA=117213;QR=329586;SAF=1824;SAR=1818;SRF=5073;SRR=5218;SBR=0.493;SBA=0.501;AC_hom=39882;AC_het=3;AF_hom=0.711;AF_het=5.3485e-05;max_hl=1,0/1:3625:2_3623:2:64:32.0:3623:116590:32.181:0.9994:3220.0
1760_CH4043,m.14566A>G,MT-ND6,protein_coding,0.9976,4211,10,4221,3220.0,11249,3,1,.,"L2a1'2'3'4,L3a1b",.,.,.,.,0.021,.,0.0014059753954305,.,8.0,5690.0,A14566G,MT-ND6,7,syn:G-G,3,36,.,.,.,.,.,.,668,MT,14566,A,G,3220.0,PASS,59.9916,59.9963,224186.0,103883.0,3873.0,4135.0,1735.0,1506.0,0.535,0.484,PASS,PASS,PASS,PASS,PASS,0/1,319,31.9,118047,28.033,DP=11249;MQM=59.9916;MQMR=59.9963;QA=224186;QR=103883;SAF=3873;SAR=4135;SRF=1735;SRR=1506;SBR=0.535;SBA=0.484;AC_hom=2865;AC_het=4;AF_hom=0.0508;AF_het=7.0889e-05;max_hl=1,0/1:4221:10_4211:10:319:31.9:4211:118047:28.033:0.9976:3220.0
1760_CH1388,m.14566A>G,MT-ND6,protein_coding,0.9976,3794,9,3803,3220.0,11249,3,1,.,"L2a1'2'3'4,L3a1b",.,.,.,.,0.021,.,0.0014059753954305,.,8.0,5690.0,A14566G,MT-ND6,7,syn:G-G,3,36,.,.,.,.,.,.,668,MT,14566,A,G,3220.0,PASS,59.9916,59.9963,224186.0,103883.0,3873.0,4135.0,1735.0,1506.0,0.535,0.484,PASS,PASS,PASS,PASS,PASS,0/1,281,31.222,106067,27.957,DP=11249;MQM=59.9916;MQMR=59.9963;QA=224186;QR=103883;SAF=3873;SAR=4135;SRF=1735;SRR=1506;SBR=0.535;SBA=0.484;AC_hom=2865;AC_het=4;AF_hom=0.0508;AF_het=7.0889e-05;max_hl=1,0/1:3803:9_3794:9:281:31.222:3794:106067:27.957:0.9976:3220.0
1760_CH1389,m.14566A>G,MT-ND6,protein_coding,0.0009,3,3222,3225,0.53,11249,3,3,.,"L2a1'2'3'4,L3a1b",.,.,.,.,0.021,.,0.0014059753954305,.,8.0,5690.0,A14566G,MT-ND6,7,syn:G-G,3,36,.,.,.,.,.,.,668,MT,14566,A,G,3220.0,PASS,59.9916,59.9963,224186.0,103883.0,3873.0,4135.0,1735.0,1506.0,0.535,0.484,PASS,PASS,PASS,PASS,PASS,0/0,103283,32.056,72,24.0,DP=11249;MQM=59.9916;MQMR=59.9963;QA=224186;QR=103883;SAF=3873;SAR=4135;SRF=1735;SRR=1506;SBR=0.535;SBA=0.484;AC_hom=2865;AC_het=4;AF_hom=0.0508;AF_het=7.0889e-05;max_hl=1,0/0:3225:3222_3:3222:103283:32.056:3:72:24.0:0.0009:0.53
1760_CH4043,m.15227G>A,MT-CYB,protein_coding,0.999,4971,5,4976,3220.0,12922,3,1,.,.,.,.,.,.,0.0,.,.,.,.,.,.,MT-CYB,1,non-syn:V-I,1,161,.,.,.,.,.,.,0,MT,15227,G,A,3220.0,PASS,59.9994,59.9972,298746.0,107125.0,4607.0,4783.0,1729.0,1803.0,0.49,0.491,PASS,PASS,PASS,PASS,PASS,0/1,141,28.2,157694,31.723,DP=12922;MQM=59.9994;MQMR=59.9972;QA=298746;QR=107125;SAF=4607;SAR=4783;SRF=1729;SRR=1803;SBR=0.49;SBA=0.491;AC_hom=8;AC_het=2;AF_hom=0.0001418;AF_het=3.545e-05;max_hl=1,0/1:4976:5_4971:5:141:28.2:4971:157694:31.723:0.999:3220.0
1760_CH1388,m.15227G>A,MT-CYB,protein_coding,0.9982,4416,8,4424,3220.0,12922,3,1,.,.,.,.,.,.,0.0,.,.,.,.,.,.,MT-CYB,1,non-syn:V-I,1,161,.,.,.,.,.,.,0,MT,15227,G,A,3220.0,PASS,59.9994,59.9972,298746.0,107125.0,4607.0,4783.0,1729.0,1803.0,0.49,0.491,PASS,PASS,PASS,PASS,PASS,0/1,244,30.5,140955,31.919,DP=12922;MQM=59.9994;MQMR=59.9972;QA=298746;QR=107125;SAF=4607;SAR=4783;SRF=1729;SRR=1803;SBR=0.49;SBA=0.491;AC_hom=8;AC_het=2;AF_hom=0.0001418;AF_het=3.545e-05;max_hl=1,0/1:4424:8_4416:8:244:30.5:4416:140955:31.919:0.9982:3220.0
1760_CH1389,m.15227G>A,MT-CYB,protein_coding,0.0009,3,3519,3522,0.36,12922,3,3,.,.,.,.,.,.,0.0,.,.,.,.,.,.,MT-CYB,1,non-syn:V-I,1,161,.,.,.,.,.,.,0,MT,15227,G,A,3220.0,PASS,59.9994,59.9972,298746.0,107125.0,4607.0,4783.0,1729.0,1803.0,0.49,0.491,PASS,PASS,PASS,PASS,PASS,0/0,106740,30.332,97,32.333,DP=12922;MQM=59.9994;MQMR=59.9972;QA=298746;QR=107125;SAF=4607;SAR=4783;SRF=1729;SRR=1803;SBR=0.49;SBA=0.491;AC_hom=8;AC_het=2;AF_hom=0.0001418;AF_het=3.545e-05;max_hl=1,0/0:3522:3519_3:3519:106740:30.332:3:97:32.333:0.0009:0.36
1760_CH4043,m.15326A>G,MT-CYB,protein_coding,0.9998,5018,1,5019,3220.0,13013,3,1,.,.,.,.,.,.,0.983,.,0.9896309314587,.,5631.0,5690.0,.,MT-CYB,115,non-syn:T-A,1,194,.,.,.,.,.,.,31512,MT,15326,A,G,3220.0,PASS,60.0,60.0,412628.0,58.0,6295.0,6716.0,2.0,0.0,1.0,0.484,PASS,PASS,PASS,PASS,PASS,0/1,25,25.0,158817,31.649,DP=13013;MQM=60;MQMR=60;QA=412628;QR=58;SAF=6295;SAR=6716;SRF=2;SRR=0;SBR=1.0;SBA=0.484;clinvar_pathogenic=Benign;clinvar_status=criteria_provided__single_submitter;AC_hom=56027;AC_het=12;AF_hom=0.9934;AF_het=0.00021277;max_hl=1,0/1:5019:1_5018:1:25:25.0:5018:158817:31.649:0.9998:3220.0
1760_CH1388,m.15326A>G,MT-CYB,protein_coding,0.9998,4446,1,4447,3220.0,13013,3,1,.,.,.,.,.,.,0.983,.,0.9896309314587,.,5631.0,5690.0,.,MT-CYB,115,non-syn:T-A,1,194,.,.,.,.,.,.,31512,MT,15326,A,G,3220.0,PASS,60.0,60.0,412628.0,58.0,6295.0,6716.0,2.0,0.0,1.0,0.484,PASS,PASS,PASS,PASS,PASS,0/1,33,33.0,141431,31.811,DP=13013;MQM=60;MQMR=60;QA=412628;QR=58;SAF=6295;SAR=6716;SRF=2;SRR=0;SBR=1.0;SBA=0.484;clinvar_pathogenic=Benign;clinvar_status=criteria_provided__single_submitter;AC_hom=56027;AC_het=12;AF_hom=0.9934;AF_het=0.00021277;max_hl=1,0/1:4447:1_4446:1:33:33.0:4446:141431:31.811:0.9998:3220.0
1760_CH1389,m.15326A>G,MT-CYB,protein_coding,1.0,3547,0,3547,3220.0,13013,3,1,.,.,.,.,.,.,0.983,.,0.9896309314587,.,5631.0,5690.0,.,MT-CYB,115,non-syn:T-A,1,194,.,.,.,.,.,.,31512,MT,15326,A,G,3220.0,PASS,60.0,60.0,412628.0,58.0,6295.0,6716.0,2.0,0.0,1.0,0.484,PASS,PASS,PASS,PASS,PASS,1/1,0,0,112380,31.683,DP=13013;MQM=60;MQMR=60;QA=412628;QR=58;SAF=6295;SAR=6716;SRF=2;SRR=0;SBR=1.0;SBA=0.484;clinvar_pathogenic=Benign;clinvar_status=criteria_provided__single_submitter;AC_hom=56027;AC_het=12;AF_hom=0.9934;AF_het=0.00021277;max_hl=1,1/1:3547:0_3547:0:0:0:3547:112380:31.683:1.0:3220.0
1760_CH4043,m.15736A>G,MT-CYB,protein_coding,0.0263,145,5360,5505,1074.38,14120,2,1,.,.,.,.,.,.,0.0,.,0.0007029876977152,.,4.0,5690.0,.,MT-CYB,1,syn:A-A,3,330,.,.,.,.,.,.,3,MT,15736,A,G,553.5,PASS,60.0,59.9988,4038.0,464051.0,76.0,70.0,7697.0,6277.0,0.551,0.521,PASS,PASS,PASS,PASS,PASS,0/1,177866,33.184,4014,27.683,DP=14120;MQM=60;MQMR=59.9988;QA=4038;QR=464051;SAF=76;SAR=70;SRF=7697;SRR=6277;SBR=0.551;SBA=0.521;AC_hom=6;AC_het=1;AF_hom=0.00010632;AF_het=1.772e-05;max_hl=1,0/1:5505:5360_145:5360:177866:33.184:145:4014:27.683:0.0263:1074.38
1760_CH1389,m.15736A>G,MT-CYB,protein_coding,0.0003,1,3791,3792,0.02,14120,2,3,.,.,.,.,.,.,0.0,.,0.0007029876977152,.,4.0,5690.0,.,MT-CYB,1,syn:A-A,3,330,.,.,.,.,.,.,3,MT,15736,A,G,553.5,PASS,60.0,59.9988,4038.0,464051.0,76.0,70.0,7697.0,6277.0,0.551,0.521,PASS,PASS,PASS,PASS,PASS,0/0,126040,33.247,24,24.0,DP=14120;MQM=60;MQMR=59.9988;QA=4038;QR=464051;SAF=76;SAR=70;SRF=7697;SRR=6277;SBR=0.551;SBA=0.521;AC_hom=6;AC_het=1;AF_hom=0.00010632;AF_het=1.772e-05;max_hl=1,0/0:3792:3791_1:3791:126040:33.247:1:24:24.0:0.0003:0.02
1760_CH4043,m.16129G>A,MT-HV1,Hypervariable segment 1 [classic:16024-16365];extended termination-associated sequence,0.0072,30,4132,4162,88.97,12015,3,2,.,"A5c,A7,NoLabel,B4a2a1,B4c1a1a1a,B4c1b2c2,B4h,NoLabel,C1b10,D2,D4a,D6a2,F1a'c'f,F1b1a,NoLabel,H13c2,H1af1b,H1aw,H1b1b,H1cj,H1j1,H3af,H63a,NoLabel,NoLabel,NoLabel,HV0g,HV4a2,I,K1a11,K2b1b,L0k1a3,NoLabel,L2b,NoLabel,L3h1b2,L3i1a,L3f1b1a,M12b,M13b,M17a,M20,M21a,M25,M28a,M47,M5,M50a,M51a1a,M71a2,M77,M7b1,M81,NoLabel,Q,M1,N11b,N7,N9b1b,NoLabel,N9a1'3,NoLabel,T1a13,U8b1a1,NoLabel,U1a1c1d1,U1a2,U4a1b1a,U5a1b1c2,U5a1b1f,U5b3f,U6c1,U7a2a,Z1a",.,.,.,.,0.131,Cyclic Vomiting Syndrome with Migraine;.;.,0.0695957820738137,.,396.0,5690.0,G16129A!,MT-CR.MT-HV1.MT-TAS2,.;173.173,.,.,.,1;.;.,.,-;.;.,+;.;.,Reported;.;.,noncoding;.;.,4189,MT,16129,G,A,3220.0,PASS,60.0,59.9987,127365.0,228839.0,2010.0,1849.0,3743.0,4413.0,0.459,0.521,PASS,PASS,PASS,PASS,PASS,0/1,116376,28.165,988,32.933,DP=12015;MQM=60;MQMR=59.9987;QA=127365;QR=228839;SAF=2010;SAR=1849;SRF=3743;SRR=4413;SBR=0.459;SBA=0.521;AC_hom=6274;AC_het=153;AF_hom=0.1153;AF_het=0.0028107;max_hl=1,0/1:4162:4132_30:4132:116376:28.165:30:988:32.933:0.0072:88.97
1760_CH1388,m.16129G>A,MT-HV1,Hypervariable segment 1 [classic:16024-16365];extended termination-associated sequence,0.0128,52,4019,4071,249.33,12015,3,1,.,"A5c,A7,NoLabel,B4a2a1,B4c1a1a1a,B4c1b2c2,B4h,NoLabel,C1b10,D2,D4a,D6a2,F1a'c'f,F1b1a,NoLabel,H13c2,H1af1b,H1aw,H1b1b,H1cj,H1j1,H3af,H63a,NoLabel,NoLabel,NoLabel,HV0g,HV4a2,I,K1a11,K2b1b,L0k1a3,NoLabel,L2b,NoLabel,L3h1b2,L3i1a,L3f1b1a,M12b,M13b,M17a,M20,M21a,M25,M28a,M47,M5,M50a,M51a1a,M71a2,M77,M7b1,M81,NoLabel,Q,M1,N11b,N7,N9b1b,NoLabel,N9a1'3,NoLabel,T1a13,U8b1a1,NoLabel,U1a1c1d1,U1a2,U4a1b1a,U5a1b1c2,U5a1b1f,U5b3f,U6c1,U7a2a,Z1a",.,.,.,.,0.131,Cyclic Vomiting Syndrome with Migraine;.;.,0.0695957820738137,.,396.0,5690.0,G16129A!,MT-CR.MT-HV1.MT-TAS2,.;173.173,.,.,.,1;.;.,.,-;.;.,+;.;.,Reported;.;.,noncoding;.;.,4189,MT,16129,G,A,3220.0,PASS,60.0,59.9987,127365.0,228839.0,2010.0,1849.0,3743.0,4413.0,0.459,0.521,PASS,PASS,PASS,PASS,PASS,0/1,112316,27.946,1732,33.308,DP=12015;MQM=60;MQMR=59.9987;QA=127365;QR=228839;SAF=2010;SAR=1849;SRF=3743;SRR=4413;SBR=0.459;SBA=0.521;AC_hom=6274;AC_het=153;AF_hom=0.1153;AF_het=0.0028107;max_hl=1,0/1:4071:4019_52:4019:112316:27.946:52:1732:33.308:0.0128:249.33
1760_CH1389,m.16129G>A,MT-HV1,Hypervariable segment 1 [classic:16024-16365];extended termination-associated sequence,0.9987,3777,5,3782,3220.0,12015,3,1,.,"A5c,A7,NoLabel,B4a2a1,B4c1a1a1a,B4c1b2c2,B4h,NoLabel,C1b10,D2,D4a,D6a2,F1a'c'f,F1b1a,NoLabel,H13c2,H1af1b,H1aw,H1b1b,H1cj,H1j1,H3af,H63a,NoLabel,NoLabel,NoLabel,HV0g,HV4a2,I,K1a11,K2b1b,L0k1a3,NoLabel,L2b,NoLabel,L3h1b2,L3i1a,L3f1b1a,M12b,M13b,M17a,M20,M21a,M25,M28a,M47,M5,M50a,M51a1a,M71a2,M77,M7b1,M81,NoLabel,Q,M1,N11b,N7,N9b1b,NoLabel,N9a1'3,NoLabel,T1a13,U8b1a1,NoLabel,U1a1c1d1,U1a2,U4a1b1a,U5a1b1c2,U5a1b1f,U5b3f,U6c1,U7a2a,Z1a",.,.,.,.,0.131,Cyclic Vomiting Syndrome with Migraine;.;.,0.0695957820738137,.,396.0,5690.0,G16129A!,MT-CR.MT-HV1.MT-TAS2,.;173.173,.,.,.,1;.;.,.,-;.;.,+;.;.,Reported;.;.,noncoding;.;.,4189,MT,16129,G,A,3220.0,PASS,60.0,59.9987,127365.0,228839.0,2010.0,1849.0,3743.0,4413.0,0.459,0.521,PASS,PASS,PASS,PASS,PASS,0/1,147,29.4,124645,33.001,DP=12015;MQM=60;MQMR=59.9987;QA=127365;QR=228839;SAF=2010;SAR=1849;SRF=3743;SRR=4413;SBR=0.459;SBA=0.521;AC_hom=6274;AC_het=153;AF_hom=0.1153;AF_het=0.0028107;max_hl=1,0/1:3782:5_3777:5:147:29.4:3777:124645:33.001:0.9987:3220.0
1760_CH4043,m.16153G>A,MT-HV1,Hypervariable segment 1 [classic:16024-16365],0.9924,4594,35,4629,3220.0,12483,3,1,.,"B4g1b,C1c6,H5a1i,H8c2,K3,L0d1b2a,L3i1,M49a,M50a1,N2a,R8a1a1b,T2e,V7a",.,.,.,.,0.009,.,0.0112478031634446,.,64.0,5690.0,G16153A,MT-HV1,65,.,.,.,.,.,.,.,.,.,274,MT,16153,G,A,3220.0,PASS,59.9974,60.0,273040.0,114966.0,4275.0,4460.0,2095.0,1653.0,0.559,0.489,PASS,PASS,PASS,PASS,PASS,0/1,1069,30.543,143575,31.253,DP=12483;MQM=59.9974;MQMR=60;QA=273040;QR=114966;SAF=4275;SAR=4460;SRF=2095;SRR=1653;SBR=0.559;SBA=0.489;AC_hom=470;AC_het=13;AF_hom=0.0083422;AF_het=0.00023074;max_hl=1,0/1:4629:35_4594:35:1069:30.543:4594:143575:31.253:0.9924:3220.0
1760_CH1388,m.16153G>A,MT-HV1,Hypervariable segment 1 [classic:16024-16365],0.9869,4139,55,4194,3220.0,12483,3,1,.,"B4g1b,C1c6,H5a1i,H8c2,K3,L0d1b2a,L3i1,M49a,M50a1,N2a,R8a1a1b,T2e,V7a",.,.,.,.,0.009,.,0.0112478031634446,.,64.0,5690.0,G16153A,MT-HV1,65,.,.,.,.,.,.,.,.,.,274,MT,16153,G,A,3220.0,PASS,59.9974,60.0,273040.0,114966.0,4275.0,4460.0,2095.0,1653.0,0.559,0.489,PASS,PASS,PASS,PASS,PASS,0/1,1684,30.618,129401,31.264,DP=12483;MQM=59.9974;MQMR=60;QA=273040;QR=114966;SAF=4275;SAR=4460;SRF=2095;SRR=1653;SBR=0.559;SBA=0.489;AC_hom=470;AC_het=13;AF_hom=0.0083422;AF_het=0.00023074;max_hl=1,0/1:4194:55_4139:55:1684:30.618:4139:129401:31.264:0.9869:3220.0
1760_CH1389,m.16153G>A,MT-HV1,Hypervariable segment 1 [classic:16024-16365],0.0005,2,3658,3660,0.1,12483,3,3,.,"B4g1b,C1c6,H5a1i,H8c2,K3,L0d1b2a,L3i1,M49a,M50a1,N2a,R8a1a1b,T2e,V7a",.,.,.,.,0.009,.,0.0112478031634446,.,64.0,5690.0,G16153A,MT-HV1,65,.,.,.,.,.,.,.,.,.,274,MT,16153,G,A,3220.0,PASS,59.9974,60.0,273040.0,114966.0,4275.0,4460.0,2095.0,1653.0,0.559,0.489,PASS,PASS,PASS,PASS,PASS,0/0,112213,30.676,64,32.0,DP=12483;MQM=59.9974;MQMR=60;QA=273040;QR=114966;SAF=4275;SAR=4460;SRF=2095;SRR=1653;SBR=0.559;SBA=0.489;AC_hom=470;AC_het=13;AF_hom=0.0083422;AF_het=0.00023074;max_hl=1,0/0:3660:3658_2:3658:112213:30.676:2:64:32.0:0.0005:0.1
1760_CH4043,m.16230A>G,MT-HV1,Hypervariable segment 1 [classic:16024-16365],0.004,19,4728,4747,27.15,12372,3,2,.,"M2a1a2a1,U2a1",.,.,.,.,0.032,.,.,.,.,.,A16230G!,MT-HV1,45,.,.,.,.,.,.,.,.,.,1014,MT,16230,A,G,180.2,PASS,60.0,59.9928,2389.0,386223.0,40.0,39.0,6607.0,5686.0,0.537,0.506,PASS,PASS,PASS,PASS,PASS,0/1,148336,31.374,559,29.421,DP=12372;MQM=60;MQMR=59.9928;QA=2389;QR=386223;SAF=40;SAR=39;SRF=6607;SRR=5686;SBR=0.537;SBA=0.506;AC_hom=772;AC_het=6;AF_hom=0.014217;AF_het=0.00011049;max_hl=1,0/1:4747:4728_19:4728:148336:31.374:19:559:29.421:0.004:27.15
1760_CH1388,m.16230A>G,MT-HV1,Hypervariable segment 1 [classic:16024-16365],0.0104,45,4278,4323,183.83,12372,3,1,.,"M2a1a2a1,U2a1",.,.,.,.,0.032,.,.,.,.,.,A16230G!,MT-HV1,45,.,.,.,.,.,.,.,.,.,1014,MT,16230,A,G,180.2,PASS,60.0,59.9928,2389.0,386223.0,40.0,39.0,6607.0,5686.0,0.537,0.506,PASS,PASS,PASS,PASS,PASS,0/1,134720,31.491,1372,30.489,DP=12372;MQM=60;MQMR=59.9928;QA=2389;QR=386223;SAF=40;SAR=39;SRF=6607;SRR=5686;SBR=0.537;SBA=0.506;AC_hom=772;AC_het=6;AF_hom=0.014217;AF_het=0.00011049;max_hl=1,0/1:4323:4278_45:4278:134720:31.491:45:1372:30.489:0.0104:183.83
1760_CH1389,m.16230A>G,MT-HV1,Hypervariable segment 1 [classic:16024-16365],0.0045,15,3287,3302,28.72,12372,3,2,.,"M2a1a2a1,U2a1",.,.,.,.,0.032,.,.,.,.,.,A16230G!,MT-HV1,45,.,.,.,.,.,.,.,.,.,1014,MT,16230,A,G,180.2,PASS,60.0,59.9928,2389.0,386223.0,40.0,39.0,6607.0,5686.0,0.537,0.506,PASS,PASS,PASS,PASS,PASS,0/1,103167,31.386,458,30.533,DP=12372;MQM=60;MQMR=59.9928;QA=2389;QR=386223;SAF=40;SAR=39;SRF=6607;SRR=5686;SBR=0.537;SBA=0.506;AC_hom=772;AC_het=6;AF_hom=0.014217;AF_het=0.00011049;max_hl=1,0/1:3302:3287_15:3287:103167:31.386:15:458:30.533:0.0045:28.72
1760_CH4043,m.16233A>G,MT-HV1,Hypervariable segment 1 [classic:16024-16365],0.9941,4417,26,4443,3220.0,12453,3,1,.,"A2a5,M17c1a1,M7a1a8,P10",.,.,.,.,0.002,.,.,.,.,.,A16233G,MT-HV1,27,.,.,.,.,.,.,.,.,.,59,MT,16233,A,G,3220.0,PASS,59.9998,59.9947,243902.0,120949.0,4164.0,4529.0,2022.0,1738.0,0.538,0.479,PASS,PASS,PASS,PASS,PASS,0/1,837,32.192,124321,28.146,DP=12453;MQM=59.9998;MQMR=59.9947;QA=243902;QR=120949;SAF=4164;SAR=4529;SRF=2022;SRR=1738;SBR=0.538;SBA=0.479;AC_hom=42;AC_het=4;AF_hom=0.00074431;AF_het=7.0887e-05;max_hl=1,0/1:4443:26_4417:26:837:32.192:4417:124321:28.146:0.9941:3220.0
1760_CH1388,m.16233A>G,MT-HV1,Hypervariable segment 1 [classic:16024-16365],0.9852,4274,64,4338,3220.0,12453,3,1,.,"A2a5,M17c1a1,M7a1a8,P10",.,.,.,.,0.002,.,.,.,.,.,A16233G,MT-HV1,27,.,.,.,.,.,.,.,.,.,59,MT,16233,A,G,3220.0,PASS,59.9998,59.9947,243902.0,120949.0,4164.0,4529.0,2022.0,1738.0,0.538,0.479,PASS,PASS,PASS,PASS,PASS,0/1,2085,32.578,119517,27.964,DP=12453;MQM=59.9998;MQMR=59.9947;QA=243902;QR=120949;SAF=4164;SAR=4529;SRF=2022;SRR=1738;SBR=0.538;SBA=0.479;AC_hom=42;AC_het=4;AF_hom=0.00074431;AF_het=7.0887e-05;max_hl=1,0/1:4338:64_4274:64:2085:32.578:4274:119517:27.964:0.9852:3220.0
1760_CH1389,m.16233A>G,MT-HV1,Hypervariable segment 1 [classic:16024-16365],0.0005,2,3670,3672,0.1,12453,3,3,.,"A2a5,M17c1a1,M7a1a8,P10",.,.,.,.,0.002,.,.,.,.,.,A16233G,MT-HV1,27,.,.,.,.,.,.,.,.,.,59,MT,16233,A,G,3220.0,PASS,59.9998,59.9947,243902.0,120949.0,4164.0,4529.0,2022.0,1738.0,0.538,0.479,PASS,PASS,PASS,PASS,PASS,0/0,118027,32.16,64,32.0,DP=12453;MQM=59.9998;MQMR=59.9947;QA=243902;QR=120949;SAF=4164;SAR=4529;SRF=2022;SRR=1738;SBR=0.538;SBA=0.479;AC_hom=42;AC_het=4;AF_hom=0.00074431;AF_het=7.0887e-05;max_hl=1,0/0:3672:3670_2:3670:118027:32.16:2:64:32.0:0.0005:0.1
1760_CH4043,m.16274G>A,MT-HV1,Hypervariable segment 1 [classic:16024-16365],0.0034,15,4436,4451,16.97,11838,3,2,.,"A2d1a,B4a1a1a20,B4c1b,B5b4,C1c4,D1h,D4e5,D4g2a,D4l2a2,D4o1,D6a,F3b1a1,G3,H2a3,HV1b1,J1b5,J1c14,J1d5,K1e1,L0k1a3,L0d1c2a1,L0d3b,L1c1a1a1,L1c1a2,L4b2a1,M17c1a1,M2,M77,N8,N1a2,P4b,T1a7,U6a6a,X4",.,.,.,.,0.023,.,0.0043936731107205,.,25.0,5690.0,G16274A,MT-HV1,93,.,.,.,.,.,.,.,.,.,750,MT,16274,G,A,140.2,PASS,60.0,59.9918,2174.0,370494.0,27.0,42.0,5421.0,6348.0,0.461,0.391,PASS,PASS,PASS,PASS,PASS,0/1,140536,31.681,475,31.667,DP=11838;MQM=60;MQMR=59.9918;QA=2174;QR=370494;SAF=27;SAR=42;SRF=5421;SRR=6348;SBR=0.461;SBA=0.391;AC_hom=745;AC_het=19;AF_hom=0.013811;AF_het=0.00035222;max_hl=1,0/1:4451:4436_15:4436:140536:31.681:15:475:31.667:0.0034:16.97
1760_CH1388,m.16274G>A,MT-HV1,Hypervariable segment 1 [classic:16024-16365],0.0105,44,4148,4192,181.45,11838,3,1,.,"A2d1a,B4a1a1a20,B4c1b,B5b4,C1c4,D1h,D4e5,D4g2a,D4l2a2,D4o1,D6a,F3b1a1,G3,H2a3,HV1b1,J1b5,J1c14,J1d5,K1e1,L0k1a3,L0d1c2a1,L0d3b,L1c1a1a1,L1c1a2,L4b2a1,M17c1a1,M2,M77,N8,N1a2,P4b,T1a7,U6a6a,X4",.,.,.,.,0.023,.,0.0043936731107205,.,25.0,5690.0,G16274A,MT-HV1,93,.,.,.,.,.,.,.,.,.,750,MT,16274,G,A,140.2,PASS,60.0,59.9918,2174.0,370494.0,27.0,42.0,5421.0,6348.0,0.461,0.391,PASS,PASS,PASS,PASS,PASS,0/1,129620,31.249,1386,31.5,DP=11838;MQM=60;MQMR=59.9918;QA=2174;QR=370494;SAF=27;SAR=42;SRF=5421;SRR=6348;SBR=0.461;SBA=0.391;AC_hom=745;AC_het=19;AF_hom=0.013811;AF_het=0.00035222;max_hl=1,0/1:4192:4148_44:4148:129620:31.249:44:1386:31.5:0.0105:181.45
1760_CH1389,m.16274G>A,MT-HV1,Hypervariable segment 1 [classic:16024-16365],0.0031,10,3185,3195,12.17,11838,3,3,.,"A2d1a,B4a1a1a20,B4c1b,B5b4,C1c4,D1h,D4e5,D4g2a,D4l2a2,D4o1,D6a,F3b1a1,G3,H2a3,HV1b1,J1b5,J1c14,J1d5,K1e1,L0k1a3,L0d1c2a1,L0d3b,L1c1a1a1,L1c1a2,L4b2a1,M17c1a1,M2,M77,N8,N1a2,P4b,T1a7,U6a6a,X4",.,.,.,.,0.023,.,0.0043936731107205,.,25.0,5690.0,G16274A,MT-HV1,93,.,.,.,.,.,.,.,.,.,750,MT,16274,G,A,140.2,PASS,60.0,59.9918,2174.0,370494.0,27.0,42.0,5421.0,6348.0,0.461,0.391,PASS,PASS,PASS,PASS,PASS,0/1,100338,31.503,313,31.3,DP=11838;MQM=60;MQMR=59.9918;QA=2174;QR=370494;SAF=27;SAR=42;SRF=5421;SRR=6348;SBR=0.461;SBA=0.391;AC_hom=745;AC_het=19;AF_hom=0.013811;AF_het=0.00035222;max_hl=1,0/1:3195:3185_10:3185:100338:31.503:10:313:31.3:0.0031:12.17
1760_CH4043,m.16301C>T,MT-HV1,Hypervariable segment 1 [classic:16024-16365],0.0032,15,4632,4647,15.5,12131,3,2,.,"B4g2,D4h3,I5a3,J1d6a,L1c4,L2a1d1,M27c,M44,N1a2,R0b,U3a1c1,U4a1b2,U5b1b1a1a1,V16",.,.,.,.,0.007,.,0.0073813708260105,.,42.0,5690.0,C16301T,MT-HV1,38,.,.,.,.,.,.,.,.,.,225,MT,16301,C,T,154.5,PASS,60.0,59.9968,2290.0,369890.0,32.0,41.0,5464.0,6594.0,0.453,0.438,PASS,PASS,PASS,PASS,PASS,0/1,141655,30.582,480,32.0,DP=12131;MQM=60;MQMR=59.9968;QA=2290;QR=369890;SAF=32;SAR=41;SRF=5464;SRR=6594;SBR=0.453;SBA=0.438;AC_hom=299;AC_het=12;AF_hom=0.0055468;AF_het=0.00022261;max_hl=1,0/1:4647:4632_15:4632:141655:30.582:15:480:32.0:0.0032:15.5
1760_CH1388,m.16301C>T,MT-HV1,Hypervariable segment 1 [classic:16024-16365],0.0114,48,4171,4219,210.66,12131,3,1,.,"B4g2,D4h3,I5a3,J1d6a,L1c4,L2a1d1,M27c,M44,N1a2,R0b,U3a1c1,U4a1b2,U5b1b1a1a1,V16",.,.,.,.,0.007,.,0.0073813708260105,.,42.0,5690.0,C16301T,MT-HV1,38,.,.,.,.,.,.,.,.,.,225,MT,16301,C,T,154.5,PASS,60.0,59.9968,2290.0,369890.0,32.0,41.0,5464.0,6594.0,0.453,0.438,PASS,PASS,PASS,PASS,PASS,0/1,128333,30.768,1501,31.271,DP=12131;MQM=60;MQMR=59.9968;QA=2290;QR=369890;SAF=32;SAR=41;SRF=5464;SRR=6594;SBR=0.453;SBA=0.438;AC_hom=299;AC_het=12;AF_hom=0.0055468;AF_het=0.00022261;max_hl=1,0/1:4219:4171_48:4171:128333:30.768:48:1501:31.271:0.0114:210.66
1760_CH1389,m.16301C>T,MT-HV1,Hypervariable segment 1 [classic:16024-16365],0.0031,10,3255,3265,11.65,12131,3,3,.,"B4g2,D4h3,I5a3,J1d6a,L1c4,L2a1d1,M27c,M44,N1a2,R0b,U3a1c1,U4a1b2,U5b1b1a1a1,V16",.,.,.,.,0.007,.,0.0073813708260105,.,42.0,5690.0,C16301T,MT-HV1,38,.,.,.,.,.,.,.,.,.,225,MT,16301,C,T,154.5,PASS,60.0,59.9968,2290.0,369890.0,32.0,41.0,5464.0,6594.0,0.453,0.438,PASS,PASS,PASS,PASS,PASS,0/1,99902,30.692,309,30.9,DP=12131;MQM=60;MQMR=59.9968;QA=2290;QR=369890;SAF=32;SAR=41;SRF=5464;SRR=6594;SBR=0.453;SBA=0.438;AC_hom=299;AC_het=12;AF_hom=0.0055468;AF_het=0.00022261;max_hl=1,0/1:3265:3255_10:3255:99902:30.692:10:309:30.9:0.0031:11.65
1760_CH4043,m.16311T>C,MT-HV1,Hypervariable segment 1 [classic:16024-16365],0.0056,26,4633,4659,57.54,12212,3,2,.,"A10,A19,A2a3,A2s,B2i1,B4a1a1aa,B4b1a2c,B4c1a1,NoLabel,NoLabel,C1e,C4a2b2,C7a1a2,NoLabel,D1j,D4a3b2,D4c2a,D4h1c,D4h4a,D4l2a1,D4q,D6,NoLabel,NoLabel,F1b,F3b1a,F4b,NoLabel,G2a1h,H104a,H11,H13a1a1d,H13a2b1,H1e1a4,H1z1,H5a1g1,H6a1a1a,H76,H80,NoLabel,NoLabel,NoLabel,NoLabel,NoLabel,HV0e,HV13a,HV4a2a,NoLabel,HV1b3b,I1,J1c17a,J1c3j,J1c5f,NoLabel,NoLabel,K,L2a1c3b2,L2a2'3'4,L2c2b1b,L3a1,L3c,L3h1,L3i2,NoLabel,L3b1a11,L3b1a3,L3e1a1,L3e2a1b2,L3f1b,L3f2,M10,M12b2a,M13a1a,M13a2,M18c,M23,M24a,M27a,M29a,M2a2,M30b,M31a1,M31c,M38e,M51b1,M56,M57,M5a4,M5d,M68a2a,M6b,M74,M79,M7c2,M81,M8a1a,NoLabel,NoLabel,Q,M1,N5,N8,S1a,S3,Y2,N1a1b1,N9a11,NoLabel,P10,P5,P6,R11,R32,R7b,R1,R5a2a,T2f2,NoLabel,U1a1b,U1b3,U2a1,U2e1f,NoLabel,U4a1e,NoLabel,U5a1f1,U5a2e,U5b1c,U5b1i,U5b2a5,U5b3d,NoLabel,U6a3b1,V10a,X2e1a1,X2f1",.,.,.,.,0.207,.,0.170298769771529,.,969.0,5690.0,T16311C!,MT-HV1,188,.,.,.,.,.,.,.,.,.,6624,MT,16311,T,C,279.4,PASS,60.0,59.9955,3068.0,385938.0,39.0,57.0,5616.0,6500.0,0.464,0.406,PASS,PASS,PASS,PASS,PASS,0/1,146917,31.711,822,31.615,DP=12212;MQM=60;MQMR=59.9955;QA=3068;QR=385938;SAF=39;SAR=57;SRF=5616;SRR=6500;SBR=0.464;SBA=0.406;AC_hom=11686;AC_het=134;AF_hom=0.2185;AF_het=0.0025055;max_hl=1,0/1:4659:4633_26:4633:146917:31.711:26:822:31.615:0.0056:57.54
1760_CH1388,m.16311T>C,MT-HV1,Hypervariable segment 1 [classic:16024-16365],0.0134,57,4184,4241,282.59,12212,3,1,.,"A10,A19,A2a3,A2s,B2i1,B4a1a1aa,B4b1a2c,B4c1a1,NoLabel,NoLabel,C1e,C4a2b2,C7a1a2,NoLabel,D1j,D4a3b2,D4c2a,D4h1c,D4h4a,D4l2a1,D4q,D6,NoLabel,NoLabel,F1b,F3b1a,F4b,NoLabel,G2a1h,H104a,H11,H13a1a1d,H13a2b1,H1e1a4,H1z1,H5a1g1,H6a1a1a,H76,H80,NoLabel,NoLabel,NoLabel,NoLabel,NoLabel,HV0e,HV13a,HV4a2a,NoLabel,HV1b3b,I1,J1c17a,J1c3j,J1c5f,NoLabel,NoLabel,K,L2a1c3b2,L2a2'3'4,L2c2b1b,L3a1,L3c,L3h1,L3i2,NoLabel,L3b1a11,L3b1a3,L3e1a1,L3e2a1b2,L3f1b,L3f2,M10,M12b2a,M13a1a,M13a2,M18c,M23,M24a,M27a,M29a,M2a2,M30b,M31a1,M31c,M38e,M51b1,M56,M57,M5a4,M5d,M68a2a,M6b,M74,M79,M7c2,M81,M8a1a,NoLabel,NoLabel,Q,M1,N5,N8,S1a,S3,Y2,N1a1b1,N9a11,NoLabel,P10,P5,P6,R11,R32,R7b,R1,R5a2a,T2f2,NoLabel,U1a1b,U1b3,U2a1,U2e1f,NoLabel,U4a1e,NoLabel,U5a1f1,U5a2e,U5b1c,U5b1i,U5b2a5,U5b3d,NoLabel,U6a3b1,V10a,X2e1a1,X2f1",.,.,.,.,0.207,.,0.170298769771529,.,969.0,5690.0,T16311C!,MT-HV1,188,.,.,.,.,.,.,.,.,.,6624,MT,16311,T,C,279.4,PASS,60.0,59.9955,3068.0,385938.0,39.0,57.0,5616.0,6500.0,0.464,0.406,PASS,PASS,PASS,PASS,PASS,0/1,134201,32.075,1828,32.07,DP=12212;MQM=60;MQMR=59.9955;QA=3068;QR=385938;SAF=39;SAR=57;SRF=5616;SRR=6500;SBR=0.464;SBA=0.406;AC_hom=11686;AC_het=134;AF_hom=0.2185;AF_het=0.0025055;max_hl=1,0/1:4241:4184_57:4184:134201:32.075:57:1828:32.07:0.0134:282.59
1760_CH1389,m.16311T>C,MT-HV1,Hypervariable segment 1 [classic:16024-16365],0.0039,13,3299,3312,20.85,12212,3,2,.,"A10,A19,A2a3,A2s,B2i1,B4a1a1aa,B4b1a2c,B4c1a1,NoLabel,NoLabel,C1e,C4a2b2,C7a1a2,NoLabel,D1j,D4a3b2,D4c2a,D4h1c,D4h4a,D4l2a1,D4q,D6,NoLabel,NoLabel,F1b,F3b1a,F4b,NoLabel,G2a1h,H104a,H11,H13a1a1d,H13a2b1,H1e1a4,H1z1,H5a1g1,H6a1a1a,H76,H80,NoLabel,NoLabel,NoLabel,NoLabel,NoLabel,HV0e,HV13a,HV4a2a,NoLabel,HV1b3b,I1,J1c17a,J1c3j,J1c5f,NoLabel,NoLabel,K,L2a1c3b2,L2a2'3'4,L2c2b1b,L3a1,L3c,L3h1,L3i2,NoLabel,L3b1a11,L3b1a3,L3e1a1,L3e2a1b2,L3f1b,L3f2,M10,M12b2a,M13a1a,M13a2,M18c,M23,M24a,M27a,M29a,M2a2,M30b,M31a1,M31c,M38e,M51b1,M56,M57,M5a4,M5d,M68a2a,M6b,M74,M79,M7c2,M81,M8a1a,NoLabel,NoLabel,Q,M1,N5,N8,S1a,S3,Y2,N1a1b1,N9a11,NoLabel,P10,P5,P6,R11,R32,R7b,R1,R5a2a,T2f2,NoLabel,U1a1b,U1b3,U2a1,U2e1f,NoLabel,U4a1e,NoLabel,U5a1f1,U5a2e,U5b1c,U5b1i,U5b2a5,U5b3d,NoLabel,U6a3b1,V10a,X2e1a1,X2f1",.,.,.,.,0.207,.,0.170298769771529,.,969.0,5690.0,T16311C!,MT-HV1,188,.,.,.,.,.,.,.,.,.,6624,MT,16311,T,C,279.4,PASS,60.0,59.9955,3068.0,385938.0,39.0,57.0,5616.0,6500.0,0.464,0.406,PASS,PASS,PASS,PASS,PASS,0/1,104820,31.773,418,32.154,DP=12212;MQM=60;MQMR=59.9955;QA=3068;QR=385938;SAF=39;SAR=57;SRF=5616;SRR=6500;SBR=0.464;SBA=0.406;AC_hom=11686;AC_het=134;AF_hom=0.2185;AF_het=0.0025055;max_hl=1,0/1:3312:3299_13:3299:104820:31.773:13:418:32.154:0.0039:20.85
1760_CH4043,m.16316A>G,MT-HV1,Hypervariable segment 1 [classic:16024-16365],0.0004,2,4832,4834,0.02,12610,3,3,.,"D1m,D5c2,H1c1b,H27,L3a,L4b2b1,M53,M9a1a,X2e2c",.,.,.,.,0.009,.,0.0035149384885764,.,20.0,5690.0,A16316G,MT-HV1,54,.,.,.,.,.,.,.,.,.,281,MT,16316,A,G,3220.0,PASS,60.0,59.9949,105181.0,303836.0,1541.0,1807.0,4200.0,5062.0,0.453,0.46,PASS,PASS,PASS,PASS,PASS,0/0,158134,32.726,63,31.5,DP=12610;MQM=60;MQMR=59.9949;QA=105181;QR=303836;SAF=1541;SAR=1807;SRF=4200;SRR=5062;SBR=0.453;SBA=0.46;AC_hom=349;AC_het=0;AF_hom=0.0061845;AF_het=0;max_hl=1,0/0:4834:4832_2:4832:158134:32.726:2:63:31.5:0.0004:0.02
1760_CH1388,m.16316A>G,MT-HV1,Hypervariable segment 1 [classic:16024-16365],0.0002,1,4411,4412,0.01,12610,3,3,.,"D1m,D5c2,H1c1b,H27,L3a,L4b2b1,M53,M9a1a,X2e2c",.,.,.,.,0.009,.,0.0035149384885764,.,20.0,5690.0,A16316G,MT-HV1,54,.,.,.,.,.,.,.,.,.,281,MT,16316,A,G,3220.0,PASS,60.0,59.9949,105181.0,303836.0,1541.0,1807.0,4200.0,5062.0,0.453,0.46,PASS,PASS,PASS,PASS,PASS,0/0,145076,32.89,32,32.0,DP=12610;MQM=60;MQMR=59.9949;QA=105181;QR=303836;SAF=1541;SAR=1807;SRF=4200;SRR=5062;SBR=0.453;SBA=0.46;AC_hom=349;AC_het=0;AF_hom=0.0061845;AF_het=0;max_hl=1,0/0:4412:4411_1:4411:145076:32.89:1:32:32.0:0.0002:0.01
1760_CH1389,m.16316A>G,MT-HV1,Hypervariable segment 1 [classic:16024-16365],0.9944,3345,19,3364,3220.0,12610,3,1,.,"D1m,D5c2,H1c1b,H27,L3a,L4b2b1,M53,M9a1a,X2e2c",.,.,.,.,0.009,.,0.0035149384885764,.,20.0,5690.0,A16316G,MT-HV1,54,.,.,.,.,.,.,.,.,.,281,MT,16316,A,G,3220.0,PASS,60.0,59.9949,105181.0,303836.0,1541.0,1807.0,4200.0,5062.0,0.453,0.46,PASS,PASS,PASS,PASS,PASS,0/1,626,32.947,105086,31.416,DP=12610;MQM=60;MQMR=59.9949;QA=105181;QR=303836;SAF=1541;SAR=1807;SRF=4200;SRR=5062;SBR=0.453;SBA=0.46;AC_hom=349;AC_het=0;AF_hom=0.0061845;AF_het=0;max_hl=1,0/1:3364:19_3345:19:626:32.947:3345:105086:31.416:0.9944:3220.0
1760_CH4043,m.16362T>C,MT-HV1,Hypervariable segment 1 [classic:16024-16365],0.9947,5089,27,5116,3220.0,13317,3,1,.,"NoLabel,B4b1b,B4j,B5a2a2a,C1b8,C1d1c,D,F1a4a,F3,F4a1,G,H1bv1,H1c3b,H20a1a,H3ak,H6,H8,NoLabel,HV1d,I1c,J1c2j,J2b1a1a,K1a1c,K1a5a,NoLabel,L2a1i,L2b1,L3c,L3h1b2,L3b,L3d5,L4,L5a,M12a1a1,M15,M19,M21a,M28,M43a1,M6,M68a,M71c,M74,M76,M7b1b,M7c1a4a,M7c1c3,M9,NoLabel,NoLabel,Q2a2b,Q3b,M1b2b,N10,O1,P4b1,P6,P8,R14,R7,R0a'b,R6,R9b2,T1a13,NoLabel,T2i,U1a1d,U2e,U3b2b,U4a2c1,U4a3,U4b1a1a1,NoLabel,NoLabel,NoLabel,U5b2b1a,U6a3e,V19,W5a",.,.,.,.,0.169,.,0.0720562390158172,.,410.0,5690.0,T16362C,MT-HV1,158,.,.,.,.,.,.,.,.,.,5411,MT,16362,T,C,3220.0,PASS,60.0,59.9962,310557.0,117582.0,4834.0,4838.0,1796.0,1849.0,0.493,0.5,PASS,PASS,PASS,PASS,PASS,0/1,873,32.333,164121,32.25,DP=13317;MQM=60;MQMR=59.9962;QA=310557;QR=117582;SAF=4834;SAR=4838;SRF=1796;SRR=1849;SBR=0.493;SBA=0.5;AC_hom=8423;AC_het=55;AF_hom=0.1498;AF_het=0.00097806;max_hl=1,0/1:5116:27_5089:27:873:32.333:5089:164121:32.25:0.9947:3220.0
1760_CH1388,m.16362T>C,MT-HV1,Hypervariable segment 1 [classic:16024-16365],0.9881,4578,55,4633,3220.0,13317,3,1,.,"NoLabel,B4b1b,B4j,B5a2a2a,C1b8,C1d1c,D,F1a4a,F3,F4a1,G,H1bv1,H1c3b,H20a1a,H3ak,H6,H8,NoLabel,HV1d,I1c,J1c2j,J2b1a1a,K1a1c,K1a5a,NoLabel,L2a1i,L2b1,L3c,L3h1b2,L3b,L3d5,L4,L5a,M12a1a1,M15,M19,M21a,M28,M43a1,M6,M68a,M71c,M74,M76,M7b1b,M7c1a4a,M7c1c3,M9,NoLabel,NoLabel,Q2a2b,Q3b,M1b2b,N10,O1,P4b1,P6,P8,R14,R7,R0a'b,R6,R9b2,T1a13,NoLabel,T2i,U1a1d,U2e,U3b2b,U4a2c1,U4a3,U4b1a1a1,NoLabel,NoLabel,NoLabel,U5b2b1a,U6a3e,V19,W5a",.,.,.,.,0.169,.,0.0720562390158172,.,410.0,5690.0,T16362C,MT-HV1,158,.,.,.,.,.,.,.,.,.,5411,MT,16362,T,C,3220.0,PASS,60.0,59.9962,310557.0,117582.0,4834.0,4838.0,1796.0,1849.0,0.493,0.5,PASS,PASS,PASS,PASS,PASS,0/1,1789,32.527,146276,31.952,DP=13317;MQM=60;MQMR=59.9962;QA=310557;QR=117582;SAF=4834;SAR=4838;SRF=1796;SRR=1849;SBR=0.493;SBA=0.5;AC_hom=8423;AC_het=55;AF_hom=0.1498;AF_het=0.00097806;max_hl=1,0/1:4633:55_4578:55:1789:32.527:4578:146276:31.952:0.9881:3220.0
1760_CH1389,m.16362T>C,MT-HV1,Hypervariable segment 1 [classic:16024-16365],0.0014,5,3563,3568,1.45,13317,3,3,.,"NoLabel,B4b1b,B4j,B5a2a2a,C1b8,C1d1c,D,F1a4a,F3,F4a1,G,H1bv1,H1c3b,H20a1a,H3ak,H6,H8,NoLabel,HV1d,I1c,J1c2j,J2b1a1a,K1a1c,K1a5a,NoLabel,L2a1i,L2b1,L3c,L3h1b2,L3b,L3d5,L4,L5a,M12a1a1,M15,M19,M21a,M28,M43a1,M6,M68a,M71c,M74,M76,M7b1b,M7c1a4a,M7c1c3,M9,NoLabel,NoLabel,Q2a2b,Q3b,M1b2b,N10,O1,P4b1,P6,P8,R14,R7,R0a'b,R6,R9b2,T1a13,NoLabel,T2i,U1a1d,U2e,U3b2b,U4a2c1,U4a3,U4b1a1a1,NoLabel,NoLabel,NoLabel,U5b2b1a,U6a3e,V19,W5a",.,.,.,.,0.169,.,0.0720562390158172,.,410.0,5690.0,T16362C,MT-HV1,158,.,.,.,.,.,.,.,.,.,5411,MT,16362,T,C,3220.0,PASS,60.0,59.9962,310557.0,117582.0,4834.0,4838.0,1796.0,1849.0,0.493,0.5,PASS,PASS,PASS,PASS,PASS,0/1,114920,32.254,160,32.0,DP=13317;MQM=60;MQMR=59.9962;QA=310557;QR=117582;SAF=4834;SAR=4838;SRF=1796;SRR=1849;SBR=0.493;SBA=0.5;AC_hom=8423;AC_het=55;AF_hom=0.1498;AF_het=0.00097806;max_hl=1,0/1:3568:3563_5:3563:114920:32.254:5:160:32.0:0.0014:1.45
1760_CH4043,m.16368T>C,MT-HV1,Hypervariable segment 1 [classic:16024-16365],0.0036,18,5012,5030,21.21,13040,3,2,.,"D1i2,D4c2a,D4l,H3x,J1c1e,J1c2m1,K1c1e,L0f,L2a1a1,L5b2,M25,M30f",.,.,.,.,0.006,.,0.0014059753954305,.,8.0,5690.0,T16368C,MT-HV1,41,.,.,.,.,.,.,.,.,.,200,MT,16368,T,C,148.2,PASS,60.0,59.9945,1991.0,415491.0,35.0,40.0,6581.0,6384.0,0.508,0.467,PASS,PASS,PASS,PASS,PASS,0/1,160500,32.023,465,25.833,DP=13040;MQM=60;MQMR=59.9945;QA=1991;QR=415491;SAF=35;SAR=40;SRF=6581;SRR=6384;SBR=0.508;SBA=0.467;AC_hom=501;AC_het=8;AF_hom=0.0091599;AF_het=0.00014627;max_hl=1,0/1:5030:5012_18:5012:160500:32.023:18:465:25.833:0.0036:21.21
1760_CH1388,m.16368T>C,MT-HV1,Hypervariable segment 1 [classic:16024-16365],0.0101,46,4498,4544,182.88,13040,3,1,.,"D1i2,D4c2a,D4l,H3x,J1c1e,J1c2m1,K1c1e,L0f,L2a1a1,L5b2,M25,M30f",.,.,.,.,0.006,.,0.0014059753954305,.,8.0,5690.0,T16368C,MT-HV1,41,.,.,.,.,.,.,.,.,.,200,MT,16368,T,C,148.2,PASS,60.0,59.9945,1991.0,415491.0,35.0,40.0,6581.0,6384.0,0.508,0.467,PASS,PASS,PASS,PASS,PASS,0/1,143951,32.003,1236,26.87,DP=13040;MQM=60;MQMR=59.9945;QA=1991;QR=415491;SAF=35;SAR=40;SRF=6581;SRR=6384;SBR=0.508;SBA=0.467;AC_hom=501;AC_het=8;AF_hom=0.0091599;AF_het=0.00014627;max_hl=1,0/1:4544:4498_46:4498:143951:32.003:46:1236:26.87:0.0101:182.88
1760_CH1389,m.16368T>C,MT-HV1,Hypervariable segment 1 [classic:16024-16365],0.0032,11,3455,3466,13.0,13040,3,2,.,"D1i2,D4c2a,D4l,H3x,J1c1e,J1c2m1,K1c1e,L0f,L2a1a1,L5b2,M25,M30f",.,.,.,.,0.006,.,0.0014059753954305,.,8.0,5690.0,T16368C,MT-HV1,41,.,.,.,.,.,.,.,.,.,200,MT,16368,T,C,148.2,PASS,60.0,59.9945,1991.0,415491.0,35.0,40.0,6581.0,6384.0,0.508,0.467,PASS,PASS,PASS,PASS,PASS,0/1,111040,32.139,290,26.364,DP=13040;MQM=60;MQMR=59.9945;QA=1991;QR=415491;SAF=35;SAR=40;SRF=6581;SRR=6384;SBR=0.508;SBA=0.467;AC_hom=501;AC_het=8;AF_hom=0.0091599;AF_het=0.00014627;max_hl=1,0/1:3466:3455_11:3455:111040:32.139:11:290:26.364:0.0032:13.0
1760_CH4043,m.16390G>A,.,.,0.0048,25,5232,5257,44.07,13577,3,2,.,"B4a1a1a14,B4f,C5d1,D1g1,D5a1,D5c1,F1a3a1,G3a3,H26a1b,H85,J1c2e1,J1c2j,J1c3e,L0a2b,L0d2a,L2,E,M13c,M27b,M48,M52a,M5b2a,Q2a3a,N9b1b,N1b,R11b1,R7a1b2,R8a1a1d,R8b,R9b1,U3a,V21,X4",.,.,.,.,0.058,POAG - potential for association,0.0179261862917399,.,102.0,5690.0,G16390A,MT-CR,81,.,.,.,3,.,+,-,Reported,noncoding,1865,MT,16390,G,A,208.3,PASS,60.0,59.9996,2968.0,432413.0,38.0,51.0,6866.0,6622.0,0.509,0.427,PASS,PASS,PASS,PASS,PASS,0/1,168732,32.25,834,33.36,DP=13577;MQM=60;MQMR=59.9996;QA=2968;QR=432413;SAF=38;SAR=51;SRF=6866;SRR=6622;SBR=0.509;SBA=0.427;AC_hom=5466;AC_het=26;AF_hom=0.1003;AF_het=0.00047726;max_hl=1,0/1:5257:5232_25:5232:168732:32.25:25:834:33.36:0.0048:44.07
1760_CH1388,m.16390G>A,.,.,0.0104,50,4736,4786,203.05,13577,3,1,.,"B4a1a1a14,B4f,C5d1,D1g1,D5a1,D5c1,F1a3a1,G3a3,H26a1b,H85,J1c2e1,J1c2j,J1c3e,L0a2b,L0d2a,L2,E,M13c,M27b,M48,M52a,M5b2a,Q2a3a,N9b1b,N1b,R11b1,R7a1b2,R8a1a1d,R8b,R9b1,U3a,V21,X4",.,.,.,.,0.058,POAG - potential for association,0.0179261862917399,.,102.0,5690.0,G16390A,MT-CR,81,.,.,.,3,.,+,-,Reported,noncoding,1865,MT,16390,G,A,208.3,PASS,60.0,59.9996,2968.0,432413.0,38.0,51.0,6866.0,6622.0,0.509,0.427,PASS,PASS,PASS,PASS,PASS,0/1,151088,31.902,1666,33.32,DP=13577;MQM=60;MQMR=59.9996;QA=2968;QR=432413;SAF=38;SAR=51;SRF=6866;SRR=6622;SBR=0.509;SBA=0.427;AC_hom=5466;AC_het=26;AF_hom=0.1003;AF_het=0.00047726;max_hl=1,0/1:4786:4736_50:4736:151088:31.902:50:1666:33.32:0.0104:203.05
1760_CH1389,m.16390G>A,.,.,0.004,14,3520,3534,22.1,13577,3,2,.,"B4a1a1a14,B4f,C5d1,D1g1,D5a1,D5c1,F1a3a1,G3a3,H26a1b,H85,J1c2e1,J1c2j,J1c3e,L0a2b,L0d2a,L2,E,M13c,M27b,M48,M52a,M5b2a,Q2a3a,N9b1b,N1b,R11b1,R7a1b2,R8a1a1d,R8b,R9b1,U3a,V21,X4",.,.,.,.,0.058,POAG - potential for association,0.0179261862917399,.,102.0,5690.0,G16390A,MT-CR,81,.,.,.,3,.,+,-,Reported,noncoding,1865,MT,16390,G,A,208.3,PASS,60.0,59.9996,2968.0,432413.0,38.0,51.0,6866.0,6622.0,0.509,0.427,PASS,PASS,PASS,PASS,PASS,0/1,112593,31.987,468,33.429,DP=13577;MQM=60;MQMR=59.9996;QA=2968;QR=432413;SAF=38;SAR=51;SRF=6866;SRR=6622;SBR=0.509;SBA=0.427;AC_hom=5466;AC_het=26;AF_hom=0.1003;AF_het=0.00047726;max_hl=1,0/1:3534:3520_14:3520:112593:31.987:14:468:33.429:0.004:22.1
1760_CH4043,m.16482A>G,.,.,0.9942,4808,28,4836,3220.0,12795,3,1,.,L0d2c1b,.,.,.,.,0.008,.,0.0182776801405975,.,104.0,5690.0,A16482G,MT-CR,19,.,.,.,.,.,.,.,.,.,246,MT,16482,A,G,3220.0,PASS,59.9999,59.9909,295642.0,116162.0,4925.0,4363.0,1858.0,1649.0,0.53,0.53,PASS,PASS,PASS,PASS,PASS,0/1,909,32.464,152640,31.747,DP=12795;MQM=59.9999;MQMR=59.9909;QA=295642;QR=116162;SAF=4925;SAR=4363;SRF=1858;SRR=1649;SBR=0.53;SBA=0.53;AC_hom=630;AC_het=7;AF_hom=0.011166;AF_het=0.00012407;max_hl=0.999,0/1:4836:28_4808:28:909:32.464:4808:152640:31.747:0.9942:3220.0
1760_CH1388,m.16482A>G,.,.,0.9852,4475,67,4542,3220.0,12795,3,1,.,L0d2c1b,.,.,.,.,0.008,.,0.0182776801405975,.,104.0,5690.0,A16482G,MT-CR,19,.,.,.,.,.,.,.,.,.,246,MT,16482,A,G,3220.0,PASS,59.9999,59.9909,295642.0,116162.0,4925.0,4363.0,1858.0,1649.0,0.53,0.53,PASS,PASS,PASS,PASS,PASS,0/1,2210,32.985,142842,31.92,DP=12795;MQM=59.9999;MQMR=59.9909;QA=295642;QR=116162;SAF=4925;SAR=4363;SRF=1858;SRR=1649;SBR=0.53;SBA=0.53;AC_hom=630;AC_het=7;AF_hom=0.011166;AF_het=0.00012407;max_hl=0.999,0/1:4542:67_4475:67:2210:32.985:4475:142842:31.92:0.9852:3220.0
1760_CH1389,m.16482A>G,.,.,0.0015,5,3412,3417,1.69,12795,3,3,.,L0d2c1b,.,.,.,.,0.008,.,0.0182776801405975,.,104.0,5690.0,A16482G,MT-CR,19,.,.,.,.,.,.,.,.,.,246,MT,16482,A,G,3220.0,PASS,59.9999,59.9909,295642.0,116162.0,4925.0,4363.0,1858.0,1649.0,0.53,0.53,PASS,PASS,PASS,PASS,PASS,0/1,113043,33.131,160,32.0,DP=12795;MQM=59.9999;MQMR=59.9909;QA=295642;QR=116162;SAF=4925;SAR=4363;SRF=1858;SRR=1649;SBR=0.53;SBA=0.53;AC_hom=630;AC_het=7;AF_hom=0.011166;AF_het=0.00012407;max_hl=0.999,0/1:3417:3412_5:3412:113043:33.131:5:160:32.0:0.0015:1.69
1760_CH4043,m.16496G>A,.,.,0.0029,12,4104,4116,11.23,10891,3,2,.,.,.,.,.,.,0.0,.,.,.,.,.,.,MT-CR,1,.,.,.,.,.,.,.,.,.,4,MT,16496,G,A,137.5,PASS,60.0,59.9973,2144.0,300899.0,38.0,27.0,4950.0,5876.0,0.457,0.585,PASS,PASS,PASS,PASS,PASS,0/1,114242,27.837,395,32.917,DP=10891;MQM=60;MQMR=59.9973;QA=2144;QR=300899;SAF=38;SAR=27;SRF=4950;SRR=5876;SBR=0.457;SBA=0.585;AC_hom=13;AC_het=1;AF_hom=0.00023476;AF_het=1.8058e-05;max_hl=1,0/1:4116:4104_12:4104:114242:27.837:12:395:32.917:0.0029:11.23
1760_CH1388,m.16496G>A,.,.,0.0102,42,4068,4110,169.85,10891,3,1,.,.,.,.,.,.,0.0,.,.,.,.,.,.,MT-CR,1,.,.,.,.,.,.,.,.,.,4,MT,16496,G,A,137.5,PASS,60.0,59.9973,2144.0,300899.0,38.0,27.0,4950.0,5876.0,0.457,0.585,PASS,PASS,PASS,PASS,PASS,0/1,112124,27.562,1384,32.952,DP=10891;MQM=60;MQMR=59.9973;QA=2144;QR=300899;SAF=38;SAR=27;SRF=4950;SRR=5876;SBR=0.457;SBA=0.585;AC_hom=13;AC_het=1;AF_hom=0.00023476;AF_het=1.8058e-05;max_hl=1,0/1:4110:4068_42:4068:112124:27.562:42:1384:32.952:0.0102:169.85
1760_CH1389,m.16496G>A,.,.,0.0041,11,2654,2665,20.61,10891,3,2,.,.,.,.,.,.,0.0,.,.,.,.,.,.,MT-CR,1,.,.,.,.,.,.,.,.,.,4,MT,16496,G,A,137.5,PASS,60.0,59.9973,2144.0,300899.0,38.0,27.0,4950.0,5876.0,0.457,0.585,PASS,PASS,PASS,PASS,PASS,0/1,74533,28.083,365,33.182,DP=10891;MQM=60;MQMR=59.9973;QA=2144;QR=300899;SAF=38;SAR=27;SRF=4950;SRR=5876;SBR=0.457;SBA=0.585;AC_hom=13;AC_het=1;AF_hom=0.00023476;AF_het=1.8058e-05;max_hl=1,0/1:2665:2654_11:2654:74533:28.083:11:365:33.182:0.0041:20.61
1760_CH4043,m.16519T>C,.,.,0.0049,19,3884,3903,37.4,10160,3,2,.,.,.,.,.,.,0.617,.,0.669595782073814,.,3810.0,5690.0,.,MT-CR,113,.,.,.,.,.,.,.,.,.,19787,MT,16519,T,C,3220.0,PASS,60.0,59.9897,86063.0,241867.0,1417.0,1287.0,3775.0,3681.0,0.506,0.524,PASS,PASS,PASS,PASS,PASS,0/1,125362,32.277,614,32.316,DP=10160;MQM=60;MQMR=59.9897;QA=86063;QR=241867;SAF=1417;SAR=1287;SRF=3775;SRR=3681;SBR=0.506;SBA=0.524;AC_hom=35648;AC_het=83;AF_hom=0.6573;AF_het=0.0015303;max_hl=1,0/1:3903:3884_19:3884:125362:32.277:19:614:32.316:0.0049:37.4
1760_CH1388,m.16519T>C,.,.,0.0119,43,3564,3607,198.02,10160,3,1,.,.,.,.,.,.,0.617,.,0.669595782073814,.,3810.0,5690.0,.,MT-CR,113,.,.,.,.,.,.,.,.,.,19787,MT,16519,T,C,3220.0,PASS,60.0,59.9897,86063.0,241867.0,1417.0,1287.0,3775.0,3681.0,0.506,0.524,PASS,PASS,PASS,PASS,PASS,0/1,116245,32.616,1351,31.419,DP=10160;MQM=60;MQMR=59.9897;QA=86063;QR=241867;SAF=1417;SAR=1287;SRF=3775;SRR=3681;SBR=0.506;SBA=0.524;AC_hom=35648;AC_het=83;AF_hom=0.6573;AF_het=0.0015303;max_hl=1,0/1:3607:3564_43:3564:116245:32.616:43:1351:31.419:0.0119:198.02
1760_CH1389,m.16519T>C,.,.,0.997,2642,8,2650,3220.0,10160,3,1,.,.,.,.,.,.,0.617,.,0.669595782073814,.,3810.0,5690.0,.,MT-CR,113,.,.,.,.,.,.,.,.,.,19787,MT,16519,T,C,3220.0,PASS,60.0,59.9897,86063.0,241867.0,1417.0,1287.0,3775.0,3681.0,0.506,0.524,PASS,PASS,PASS,PASS,PASS,0/1,260,32.5,84098,31.831,DP=10160;MQM=60;MQMR=59.9897;QA=86063;QR=241867;SAF=1417;SAR=1287;SRF=3775;SRR=3681;SBR=0.506;SBA=0.524;AC_hom=35648;AC_het=83;AF_hom=0.6573;AF_het=0.0015303;max_hl=1,0/1:2650:8_2642:8:260:32.5:2642:84098:31.831:0.997:3220.0
